Match Number,Round Number,Date,Location,Home Team,Away Team,Result
1,1,18/10/2022,TD Garden,Boston Celtics,Philadelphia 76ers,126 - 117
2,1,19/10/2022,Chase Center,Golden State Warriors,Los Angeles Lakers,123 - 109
3,1,19/10/2022,Little Caesars Arena,Detroit Pistons,Orlando Magic,113 - 109
4,1,19/10/2022,Gainbridge Fieldhouse,Indiana Pacers,Washington Wizards,107 - 114
5,1,19/10/2022,State Farm Arena,Atlanta Hawks,Houston Rockets,117 - 107
6,1,19/10/2022,Barclays Center,Brooklyn Nets,New Orleans Pelicans,108 - 130
7,1,19/10/2022,FTX Arena,Miami Heat,Chicago Bulls,108 - 116
8,1,19/10/2022,Scotiabank Arena,Toronto Raptors,Cleveland Cavaliers,108 - 105
9,1,19/10/2022,FedExForum,Memphis Grizzlies,New York Knicks,115 - 112
10,1,20/10/2022,Target Center,Minnesota Timberwolves,Oklahoma City Thunder,115 - 108
11,1,20/10/2022,AT&T Center,San Antonio Spurs,Charlotte Hornets,102 - 129
12,1,20/10/2022,Vivint Arena,Utah Jazz,Denver Nuggets,123 - 102
13,1,20/10/2022,Footprint Center,Phoenix Suns,Dallas Mavericks,107 - 105
14,1,20/10/2022,Golden 1 Center,Sacramento Kings,Portland Trail Blazers,108 - 115
15,1,20/10/2022,Wells Fargo Center,Philadelphia 76ers,Milwaukee Bucks,88 - 90
16,1,21/10/2022,Crypto.com Arena,Los Angeles Lakers,LA Clippers,97 - 103
17,1,21/10/2022,Spectrum Center,Charlotte Hornets,New Orleans Pelicans,112 - 124
18,1,21/10/2022,Gainbridge Fieldhouse,Indiana Pacers,San Antonio Spurs,134 - 137
19,1,21/10/2022,Capital One Arena,Washington Wizards,Chicago Bulls,102 - 100
20,1,21/10/2022,State Farm Arena,Atlanta Hawks,Orlando Magic,108 - 98
21,1,21/10/2022,Barclays Center,Brooklyn Nets,Toronto Raptors,109 - 105
22,1,21/10/2022,FTX Arena,Miami Heat,Boston Celtics,104 - 111
23,1,21/10/2022,Madison Square Garden,New York Knicks,Detroit Pistons,130 - 106
24,1,22/10/2022,Toyota Center,Houston Rockets,Memphis Grizzlies,122 - 129
25,1,22/10/2022,Target Center,Minnesota Timberwolves,Utah Jazz,126 - 132
26,1,22/10/2022,Chase Center,Golden State Warriors,Denver Nuggets,123 - 128
27,1,22/10/2022,Moda Center,Portland Trail Blazers,Phoenix Suns,113 - 111
28,1,22/10/2022,Wells Fargo Center,Philadelphia 76ers,San Antonio Spurs,105 - 114
29,1,22/10/2022,Gainbridge Fieldhouse,Indiana Pacers,Detroit Pistons,124 - 115
30,1,22/10/2022,Amway Center,Orlando Magic,Boston Celtics,120 - 126
31,1,23/10/2022,FTX Arena,Miami Heat,Toronto Raptors,112 - 109
32,1,23/10/2022,United Center,Chicago Bulls,Cleveland Cavaliers,96 - 128
33,1,23/10/2022,Fiserv Forum,Milwaukee Bucks,Houston Rockets,125 - 105
34,1,23/10/2022,American Airlines Center,Dallas Mavericks,Memphis Grizzlies,137 - 96
35,1,23/10/2022,Ball Arena,Denver Nuggets,Oklahoma City Thunder,122 - 117
36,1,23/10/2022,Golden 1 Center,Sacramento Kings,LA Clippers,109 - 111
37,1,23/10/2022,Crypto.com Arena,Los Angeles Lakers,Portland Trail Blazers,104 - 106
38,1,23/10/2022,State Farm Arena,Atlanta Hawks,Charlotte Hornets,109 - 126
39,1,23/10/2022,Rocket Mortgage FieldHouse,Cleveland Cavaliers,Washington Wizards,117 - 107
40,1,23/10/2022,Smoothie King Center,New Orleans Pelicans,Utah Jazz,121 - 122
41,1,24/10/2022,Paycom Center,Oklahoma City Thunder,Minnesota Timberwolves,106 - 116
42,1,24/10/2022,Chase Center,Golden State Warriors,Sacramento Kings,130 - 125
43,1,24/10/2022,Crypto.com Arena,LA Clippers,Phoenix Suns,95 - 112
44,1,24/10/2022,Wells Fargo Center,Philadelphia 76ers,Indiana Pacers,120 - 106
45,1,24/10/2022,FTX Arena,Miami Heat,Toronto Raptors,90 - 98
46,1,24/10/2022,Madison Square Garden,New York Knicks,Orlando Magic,115 - 102
47,1,25/10/2022,United Center,Chicago Bulls,Boston Celtics,120 - 102
48,1,25/10/2022,Toyota Center,Houston Rockets,Utah Jazz,114 - 108
49,1,25/10/2022,FedExForum,Memphis Grizzlies,Brooklyn Nets,134 - 124
50,1,25/10/2022,Target Center,Minnesota Timberwolves,San Antonio Spurs,106 - 115
51,1,25/10/2022,Moda Center,Portland Trail Blazers,Denver Nuggets,135 - 110
52,1,25/10/2022,Capital One Arena,Washington Wizards,Detroit Pistons,120 - 99
53,1,25/10/2022,Smoothie King Center,New Orleans Pelicans,Dallas Mavericks,113 - 111
54,1,26/10/2022,Paycom Center,Oklahoma City Thunder,LA Clippers,108 - 94
55,1,26/10/2022,Footprint Center,Phoenix Suns,Golden State Warriors,134 - 105
56,1,26/10/2022,Rocket Mortgage FieldHouse,Cleveland Cavaliers,Orlando Magic,103 - 92
57,1,26/10/2022,Little Caesars Arena,Detroit Pistons,Atlanta Hawks,113 - 118
58,1,26/10/2022,Madison Square Garden,New York Knicks,Charlotte Hornets,134 - 131
59,1,26/10/2022,Scotiabank Arena,Toronto Raptors,Philadelphia 76ers,119 - 109
60,1,26/10/2022,Fiserv Forum,Milwaukee Bucks,Brooklyn Nets,110 - 99
61,1,27/10/2022,United Center,Chicago Bulls,Indiana Pacers,124 - 109
62,1,27/10/2022,Target Center,Minnesota Timberwolves,San Antonio Spurs,134 - 122
63,1,27/10/2022,Vivint Arena,Utah Jazz,Houston Rockets,109 - 101
64,1,27/10/2022,Ball Arena,Denver Nuggets,Los Angeles Lakers,110 - 99
65,1,27/10/2022,Moda Center,Portland Trail Blazers,Miami Heat,98 - 119
66,2,27/10/2022,Barclays Center,Brooklyn Nets,Dallas Mavericks,125 - 129
67,2,28/10/2022,Paycom Center,Oklahoma City Thunder,LA Clippers,118 - 110
68,2,28/10/2022,Chase Center,Golden State Warriors,Miami Heat,123 - 110
69,2,28/10/2022,Golden 1 Center,Sacramento Kings,Memphis Grizzlies,110 - 125
70,2,28/10/2022,Little Caesars Arena,Detroit Pistons,Atlanta Hawks,112 - 136
71,2,28/10/2022,Amway Center,Orlando Magic,Charlotte Hornets,113 - 93
72,2,28/10/2022,TD Garden,Boston Celtics,Cleveland Cavaliers,123 - 132
73,2,28/10/2022,Scotiabank Arena,Toronto Raptors,Philadelphia 76ers,90 - 112
74,2,28/10/2022,Capital One Arena,Washington Wizards,Indiana Pacers,117 - 127
75,2,29/10/2022,Fiserv Forum,Milwaukee Bucks,New York Knicks,119 - 108
76,2,29/10/2022,Target Center,Minnesota Timberwolves,Los Angeles Lakers,111 - 102
77,2,29/10/2022,AT&T Center,San Antonio Spurs,Chicago Bulls,129 - 124
78,2,29/10/2022,Ball Arena,Denver Nuggets,Utah Jazz,117 - 101
79,2,29/10/2022,Footprint Center,Phoenix Suns,New Orleans Pelicans,124 - 111
80,2,29/10/2022,Moda Center,Portland Trail Blazers,Houston Rockets,125 - 111
81,2,29/10/2022,Golden 1 Center,Sacramento Kings,Miami Heat,119 - 113
82,2,29/10/2022,Spectrum Center,Charlotte Hornets,Golden State Warriors,120 - 113
83,2,29/10/2022,Barclays Center,Brooklyn Nets,Indiana Pacers,116 - 125
84,2,30/10/2022,United Center,Chicago Bulls,Philadelphia 76ers,109 - 114
85,2,30/10/2022,Fiserv Forum,Milwaukee Bucks,Atlanta Hawks,123 - 115
86,2,30/10/2022,American Airlines Center,Dallas Mavericks,Oklahoma City Thunder,111 - 117
87,2,30/10/2022,Vivint Arena,Utah Jazz,Memphis Grizzlies,124 - 123
88,2,30/10/2022,Crypto.com Arena,LA Clippers,New Orleans Pelicans,91 - 112
89,2,30/10/2022,TD Garden,Boston Celtics,Washington Wizards,112 - 94
90,2,30/10/2022,Rocket Mortgage FieldHouse,Cleveland Cavaliers,New York Knicks,121 - 108
91,2,30/10/2022,Little Caesars Arena,Detroit Pistons,Golden State Warriors,128 - 114
92,2,30/10/2022,AT&T Center,San Antonio Spurs,Minnesota Timberwolves,107 - 98
93,2,30/10/2022,American Airlines Center,Dallas Mavericks,Orlando Magic,114 - 105
94,2,31/10/2022,Footprint Center,Phoenix Suns,Houston Rockets,124 - 109
95,2,31/10/2022,Crypto.com Arena,Los Angeles Lakers,Denver Nuggets,121 - 110
96,2,31/10/2022,Spectrum Center,Charlotte Hornets,Sacramento Kings,108 - 115
97,2,31/10/2022,Capital One Arena,Washington Wizards,Philadelphia 76ers,111 - 118
98,2,31/10/2022,Barclays Center,Brooklyn Nets,Indiana Pacers,116 - 109
99,2,31/10/2022,Scotiabank Arena,Toronto Raptors,Atlanta Hawks,139 - 109
100,2,1/11/2022,Fiserv Forum,Milwaukee Bucks,Detroit Pistons,110 - 108
101,2,1/11/2022,Vivint Arena,Utah Jazz,Memphis Grizzlies,121 - 105
102,2,1/11/2022,Crypto.com Arena,LA Clippers,Houston Rockets,95 - 93
103,2,1/11/2022,Barclays Center,Brooklyn Nets,Chicago Bulls,99 - 108
104,2,1/11/2022,FTX Arena,Miami Heat,Golden State Warriors,116 - 109
105,2,2/11/2022,Paycom Center,Oklahoma City Thunder,Orlando Magic,116 - 108
106,2,2/11/2022,Footprint Center,Phoenix Suns,Minnesota Timberwolves,116 - 107
108,2,2/11/2022,Wells Fargo Center,Philadelphia 76ers,Washington Wizards,111 - 121
107,2,2/11/2022,Rocket Mortgage FieldHouse,Cleveland Cavaliers,Boston Celtics,114 - 113
109,2,2/11/2022,FTX Arena,Miami Heat,Sacramento Kings,110 - 107
110,2,2/11/2022,Madison Square Garden,New York Knicks,Atlanta Hawks,99 - 112
111,2,3/11/2022,United Center,Chicago Bulls,Charlotte Hornets,106 - 88
112,2,3/11/2022,Toyota Center,Houston Rockets,LA Clippers,101 - 109
113,2,3/11/2022,Fiserv Forum,Milwaukee Bucks,Detroit Pistons,116 - 91
114,2,3/11/2022,AT&T Center,San Antonio Spurs,Toronto Raptors,100 - 143
115,2,3/11/2022,American Airlines Center,Dallas Mavericks,Utah Jazz,103 - 100
116,2,3/11/2022,Moda Center,Portland Trail Blazers,Memphis Grizzlies,106 - 111
117,2,3/11/2022,Crypto.com Arena,Los Angeles Lakers,New Orleans Pelicans,120 - 117
118,3,3/11/2022,Amway Center,Orlando Magic,Golden State Warriors,130 - 129
119,3,4/11/2022,Paycom Center,Oklahoma City Thunder,Denver Nuggets,110 - 122
120,3,4/11/2022,Little Caesars Arena,Detroit Pistons,Cleveland Cavaliers,88 - 112
121,3,4/11/2022,Gainbridge Fieldhouse,Indiana Pacers,Miami Heat,101 - 99
122,3,4/11/2022,Wells Fargo Center,Philadelphia 76ers,New York Knicks,104 - 106
123,3,4/11/2022,Capital One Arena,Washington Wizards,Brooklyn Nets,86 - 128
124,3,4/11/2022,TD Garden,Boston Celtics,Chicago Bulls,123 - 119
125,3,5/11/2022,FedExForum,Memphis Grizzlies,Charlotte Hornets,130 - 99
126,3,5/11/2022,AT&T Center,San Antonio Spurs,LA Clippers,106 - 113
127,3,5/11/2022,American Airlines Center,Dallas Mavericks,Toronto Raptors,111 - 110
128,3,5/11/2022,Smoothie King Center,New Orleans Pelicans,Golden State Warriors,114 - 105
129,3,5/11/2022,Target Center,Minnesota Timberwolves,Milwaukee Bucks,102 - 115
130,3,5/11/2022,Footprint Center,Phoenix Suns,Portland Trail Blazers,106 - 108
131,3,5/11/2022,Crypto.com Arena,Los Angeles Lakers,Utah Jazz,116 - 130
132,3,5/11/2022,Amway Center,Orlando Magic,Sacramento Kings,123 - 126
133,3,5/11/2022,Spectrum Center,Charlotte Hornets,Brooklyn Nets,94 - 98
134,3,5/11/2022,State Farm Arena,Atlanta Hawks,New Orleans Pelicans,124 - 121
135,3,5/11/2022,Madison Square Garden,New York Knicks,Boston Celtics,118 - 133
136,3,6/11/2022,Fiserv Forum,Milwaukee Bucks,Oklahoma City Thunder,108 - 94
137,3,6/11/2022,Target Center,Minnesota Timberwolves,Houston Rockets,129 - 117
138,3,6/11/2022,Ball Arena,Denver Nuggets,San Antonio Spurs,126 - 101
139,3,6/11/2022,Footprint Center,Phoenix Suns,Portland Trail Blazers,102 - 82
140,3,6/11/2022,Crypto.com Arena,Los Angeles Lakers,Cleveland Cavaliers,100 - 114
141,3,6/11/2022,Scotiabank Arena,Toronto Raptors,Chicago Bulls,113 - 104
142,3,6/11/2022,FedExForum,Memphis Grizzlies,Washington Wizards,103 - 97
143,3,7/11/2022,Crypto.com Arena,LA Clippers,Utah Jazz,102 - 110
144,3,8/11/2022,Spectrum Center,Charlotte Hornets,Washington Wizards,100 - 108
145,3,8/11/2022,Amway Center,Orlando Magic,Houston Rockets,127 - 134
146,3,8/11/2022,Little Caesars Arena,Detroit Pistons,Oklahoma City Thunder,112 - 103
147,3,8/11/2022,Gainbridge Fieldhouse,Indiana Pacers,New Orleans Pelicans,129 - 122
148,3,8/11/2022,Wells Fargo Center,Philadelphia 76ers,Phoenix Suns,100 - 88
149,3,8/11/2022,State Farm Arena,Atlanta Hawks,Milwaukee Bucks,117 - 98
150,3,8/11/2022,FTX Arena,Miami Heat,Portland Trail Blazers,107 - 110
151,3,8/11/2022,United Center,Chicago Bulls,Toronto Raptors,111 - 97
152,3,8/11/2022,FedExForum,Memphis Grizzlies,Boston Celtics,106 - 109
153,3,8/11/2022,Target Center,Minnesota Timberwolves,New York Knicks,107 - 120
154,3,8/11/2022,AT&T Center,San Antonio Spurs,Denver Nuggets,109 - 115
155,3,8/11/2022,American Airlines Center,Dallas Mavericks,Brooklyn Nets,96 - 94
156,3,8/11/2022,Chase Center,Golden State Warriors,Sacramento Kings,116 - 113
157,3,8/11/2022,Vivint Arena,Utah Jazz,Los Angeles Lakers,139 - 116
158,3,8/11/2022,Crypto.com Arena,LA Clippers,Cleveland Cavaliers,119 - 117
161,3,9/11/2022,Amway Center,Orlando Magic,Dallas Mavericks,94 - 87
159,3,10/11/2022,Spectrum Center,Charlotte Hornets,Portland Trail Blazers,95 - 105
160,3,10/11/2022,Gainbridge Fieldhouse,Indiana Pacers,Denver Nuggets,119 - 122
162,3,10/11/2022,State Farm Arena,Atlanta Hawks,Utah Jazz,119 - 125
163,3,10/11/2022,TD Garden,Boston Celtics,Detroit Pistons,128 - 112
164,3,10/11/2022,Barclays Center,Brooklyn Nets,New York Knicks,112 - 85
165,3,10/11/2022,Scotiabank Arena,Toronto Raptors,Houston Rockets,116 - 109
166,3,10/11/2022,United Center,Chicago Bulls,New Orleans Pelicans,111 - 115
167,3,10/11/2022,Target Center,Minnesota Timberwolves,Phoenix Suns,117 - 129
168,3,10/11/2022,Paycom Center,Oklahoma City Thunder,Milwaukee Bucks,132 - 136
169,3,10/11/2022,AT&T Center,San Antonio Spurs,Memphis Grizzlies,122 - 124
170,3,10/11/2022,Crypto.com Arena,LA Clippers,Los Angeles Lakers,114 - 101
171,3,10/11/2022,Golden 1 Center,Sacramento Kings,Cleveland Cavaliers,127 - 120
172,4,11/11/2022,Capital One Arena,Washington Wizards,Dallas Mavericks,113 - 105
173,4,11/11/2022,State Farm Arena,Atlanta Hawks,Philadelphia 76ers,104 - 95
174,4,11/11/2022,FTX Arena,Miami Heat,Charlotte Hornets,117 - 112
175,4,11/11/2022,Smoothie King Center,New Orleans Pelicans,Portland Trail Blazers,95 - 106
176,4,12/11/2022,TD Garden,Boston Celtics,Denver Nuggets,131 - 112
177,4,12/11/2022,Amway Center,Orlando Magic,Phoenix Suns,114 - 97
178,4,12/11/2022,Madison Square Garden,New York Knicks,Detroit Pistons,121 - 112
179,4,12/11/2022,Paycom Center,Oklahoma City Thunder,Toronto Raptors,132 - 113
180,4,12/11/2022,AT&T Center,San Antonio Spurs,Milwaukee Bucks,111 - 93
181,4,12/11/2022,FedExForum,Memphis Grizzlies,Minnesota Timberwolves,114 - 103
182,4,12/11/2022,Chase Center,Golden State Warriors,Cleveland Cavaliers,106 - 101
183,4,12/11/2022,Crypto.com Arena,Los Angeles Lakers,Sacramento Kings,114 - 120
184,4,12/11/2022,Crypto.com Arena,LA Clippers,Brooklyn Nets,95 - 110
185,4,12/11/2022,Capital One Arena,Washington Wizards,Utah Jazz,121 - 112
186,4,13/11/2022,Little Caesars Arena,Detroit Pistons,Boston Celtics,108 - 117
187,4,13/11/2022,Gainbridge Fieldhouse,Indiana Pacers,Toronto Raptors,118 - 104
188,4,13/11/2022,Wells Fargo Center,Philadelphia 76ers,Atlanta Hawks,121 - 109
189,4,13/11/2022,FTX Arena,Miami Heat,Charlotte Hornets,132 - 115
190,4,13/11/2022,American Airlines Center,Dallas Mavericks,Portland Trail Blazers,117 - 112
191,4,13/11/2022,Smoothie King Center,New Orleans Pelicans,Houston Rockets,119 - 106
192,4,13/11/2022,Madison Square Garden,New York Knicks,Oklahoma City Thunder,135 - 145
193,4,13/11/2022,Rocket Mortgage FieldHouse,Cleveland Cavaliers,Minnesota Timberwolves,124 - 129
194,4,13/11/2022,Capital One Arena,Washington Wizards,Memphis Grizzlies,102 - 92
195,4,14/11/2022,Wells Fargo Center,Philadelphia 76ers,Utah Jazz,105 - 98
196,4,14/11/2022,United Center,Chicago Bulls,Denver Nuggets,103 - 126
197,4,14/11/2022,Golden 1 Center,Sacramento Kings,Golden State Warriors,122 - 115
198,4,14/11/2022,Crypto.com Arena,Los Angeles Lakers,Brooklyn Nets,116 - 103
199,4,15/11/2022,Little Caesars Arena,Detroit Pistons,Toronto Raptors,111 - 115
200,4,15/11/2022,Amway Center,Orlando Magic,Charlotte Hornets,105 - 112
201,4,15/11/2022,TD Garden,Boston Celtics,Oklahoma City Thunder,126 - 122
202,4,15/11/2022,FTX Arena,Miami Heat,Phoenix Suns,113 - 112
203,4,15/11/2022,Toyota Center,Houston Rockets,LA Clippers,106 - 122
204,4,15/11/2022,Fiserv Forum,Milwaukee Bucks,Atlanta Hawks,106 - 121
205,4,15/11/2022,Chase Center,Golden State Warriors,San Antonio Spurs,132 - 95
206,4,16/11/2022,Smoothie King Center,New Orleans Pelicans,Memphis Grizzlies,113 - 102
207,4,16/11/2022,American Airlines Center,Dallas Mavericks,LA Clippers,103 - 101
208,4,16/11/2022,Vivint Arena,Utah Jazz,New York Knicks,111 - 118
209,4,16/11/2022,Moda Center,Portland Trail Blazers,San Antonio Spurs,117 - 110
210,4,16/11/2022,Golden 1 Center,Sacramento Kings,Brooklyn Nets,153 - 121
211,4,17/11/2022,Spectrum Center,Charlotte Hornets,Indiana Pacers,113 - 125
212,4,17/11/2022,Amway Center,Orlando Magic,Minnesota Timberwolves,108 - 126
213,4,17/11/2022,Capital One Arena,Washington Wizards,Oklahoma City Thunder,120 - 121
214,4,17/11/2022,State Farm Arena,Atlanta Hawks,Boston Celtics,101 - 126
215,4,17/11/2022,Scotiabank Arena,Toronto Raptors,Miami Heat,112 - 104
216,4,17/11/2022,Fiserv Forum,Milwaukee Bucks,Cleveland Cavaliers,113 - 98
217,4,17/11/2022,Smoothie King Center,New Orleans Pelicans,Chicago Bulls,124 - 110
218,4,17/11/2022,American Airlines Center,Dallas Mavericks,Houston Rockets,92 - 101
219,4,17/11/2022,Ball Arena,Denver Nuggets,New York Knicks,103 - 106
220,4,17/11/2022,Footprint Center,Phoenix Suns,Golden State Warriors,130 - 119
221,5,18/11/2022,Moda Center,Portland Trail Blazers,Brooklyn Nets,107 - 109
222,5,18/11/2022,Golden 1 Center,Sacramento Kings,San Antonio Spurs,130 - 112
223,5,18/11/2022,Crypto.com Arena,LA Clippers,Detroit Pistons,96 - 91
224,5,19/11/2022,Capital One Arena,Washington Wizards,Miami Heat,107 - 106
225,5,19/11/2022,Rocket Mortgage FieldHouse,Cleveland Cavaliers,Charlotte Hornets,132 - 122
226,5,19/11/2022,Wells Fargo Center,Philadelphia 76ers,Milwaukee Bucks,110 - 102
227,5,19/11/2022,United Center,Chicago Bulls,Orlando Magic,107 - 108
228,5,19/11/2022,Toyota Center,Houston Rockets,Indiana Pacers,91 - 99
229,5,19/11/2022,FedExForum,Memphis Grizzlies,Oklahoma City Thunder,121 - 110
230,5,19/11/2022,American Airlines Center,Dallas Mavericks,Denver Nuggets,127 - 99
231,5,19/11/2022,Smoothie King Center,New Orleans Pelicans,Boston Celtics,109 - 117
232,5,19/11/2022,Vivint Arena,Utah Jazz,Phoenix Suns,134 - 133
233,5,19/11/2022,Chase Center,Golden State Warriors,New York Knicks,111 - 101
234,5,19/11/2022,Crypto.com Arena,Los Angeles Lakers,Detroit Pistons,128 - 121
235,5,19/11/2022,State Farm Arena,Atlanta Hawks,Toronto Raptors,124 - 122
236,5,20/11/2022,Gainbridge Fieldhouse,Indiana Pacers,Orlando Magic,114 - 113
237,5,20/11/2022,Wells Fargo Center,Philadelphia 76ers,Minnesota Timberwolves,109 - 112
238,5,20/11/2022,Moda Center,Portland Trail Blazers,Utah Jazz,113 - 118
239,5,20/11/2022,Crypto.com Arena,LA Clippers,San Antonio Spurs,119 - 97
240,5,20/11/2022,Footprint Center,Phoenix Suns,New York Knicks,116 - 95
241,5,20/11/2022,Capital One Arena,Washington Wizards,Charlotte Hornets,106 - 102
242,5,20/11/2022,Golden 1 Center,Sacramento Kings,Detroit Pistons,137 - 129
243,5,21/11/2022,Barclays Center,Brooklyn Nets,Memphis Grizzlies,127 - 115
244,5,21/11/2022,Rocket Mortgage FieldHouse,Cleveland Cavaliers,Miami Heat,113 - 87
245,5,21/11/2022,Toyota Center,Houston Rockets,Golden State Warriors,120 - 127
246,5,21/11/2022,American Airlines Center,Dallas Mavericks,Denver Nuggets,97 - 98
247,5,21/11/2022,Crypto.com Arena,Los Angeles Lakers,San Antonio Spurs,123 - 92
248,5,22/11/2022,Rocket Mortgage FieldHouse,Cleveland Cavaliers,Atlanta Hawks,114 - 102
249,5,22/11/2022,Gainbridge Fieldhouse,Indiana Pacers,Orlando Magic,123 - 102
250,5,22/11/2022,United Center,Chicago Bulls,Boston Celtics,121 - 107
251,5,22/11/2022,Fiserv Forum,Milwaukee Bucks,Portland Trail Blazers,119 - 111
252,5,22/11/2022,Target Center,Minnesota Timberwolves,Miami Heat,105 - 101
253,5,22/11/2022,Smoothie King Center,New Orleans Pelicans,Golden State Warriors,128 - 83
254,5,22/11/2022,Paycom Center,Oklahoma City Thunder,New York Knicks,119 - 129
255,5,22/11/2022,Crypto.com Arena,LA Clippers,Utah Jazz,121 - 114
256,5,23/11/2022,Wells Fargo Center,Philadelphia 76ers,Brooklyn Nets,
257,5,23/11/2022,FedExForum,Memphis Grizzlies,Sacramento Kings,
258,5,23/11/2022,Ball Arena,Denver Nuggets,Detroit Pistons,
259,5,23/11/2022,Footprint Center,Phoenix Suns,Los Angeles Lakers,
260,5,24/11/2022,Spectrum Center,Charlotte Hornets,Philadelphia 76ers,
261,5,24/11/2022,Rocket Mortgage FieldHouse,Cleveland Cavaliers,Portland Trail Blazers,
262,5,24/11/2022,Gainbridge Fieldhouse,Indiana Pacers,Minnesota Timberwolves,
263,5,24/11/2022,State Farm Arena,Atlanta Hawks,Sacramento Kings,
264,5,24/11/2022,TD Garden,Boston Celtics,Dallas Mavericks,
265,5,24/11/2022,FTX Arena,Miami Heat,Washington Wizards,
266,5,24/11/2022,Scotiabank Arena,Toronto Raptors,Brooklyn Nets,
267,5,24/11/2022,Fiserv Forum,Milwaukee Bucks,Chicago Bulls,
268,5,24/11/2022,Paycom Center,Oklahoma City Thunder,Denver Nuggets,
269,5,24/11/2022,AT&T Center,San Antonio Spurs,New Orleans Pelicans,
270,5,24/11/2022,Vivint Arena,Utah Jazz,Detroit Pistons,
271,5,24/11/2022,Chase Center,Golden State Warriors,LA Clippers,
272,6,25/11/2022,Spectrum Center,Charlotte Hornets,Minnesota Timberwolves,
273,6,26/11/2022,Amway Center,Orlando Magic,Philadelphia 76ers,
274,6,26/11/2022,Madison Square Garden,New York Knicks,Portland Trail Blazers,
275,6,26/11/2022,TD Garden,Boston Celtics,Sacramento Kings,
276,6,26/11/2022,Gainbridge Fieldhouse,Indiana Pacers,Brooklyn Nets,
277,6,26/11/2022,FTX Arena,Miami Heat,Washington Wizards,
278,6,26/11/2022,Toyota Center,Houston Rockets,Atlanta Hawks,
279,6,26/11/2022,FedExForum,Memphis Grizzlies,New Orleans Pelicans,
280,6,26/11/2022,Fiserv Forum,Milwaukee Bucks,Cleveland Cavaliers,
281,6,26/11/2022,Paycom Center,Oklahoma City Thunder,Chicago Bulls,
282,6,26/11/2022,AT&T Center,San Antonio Spurs,Los Angeles Lakers,
283,6,26/11/2022,Footprint Center,Phoenix Suns,Detroit Pistons,
284,6,26/11/2022,Chase Center,Golden State Warriors,Utah Jazz,
285,6,26/11/2022,Crypto.com Arena,LA Clippers,Denver Nuggets,
286,6,26/11/2022,Scotiabank Arena,Toronto Raptors,Dallas Mavericks,
287,6,27/11/2022,Toyota Center,Houston Rockets,Oklahoma City Thunder,
288,6,27/11/2022,AT&T Center,San Antonio Spurs,Los Angeles Lakers,
289,6,27/11/2022,Footprint Center,Phoenix Suns,Utah Jazz,
290,6,27/11/2022,Barclays Center,Brooklyn Nets,Portland Trail Blazers,
291,6,27/11/2022,Target Center,Minnesota Timberwolves,Golden State Warriors,
292,6,27/11/2022,Crypto.com Arena,LA Clippers,Indiana Pacers,
293,6,27/11/2022,State Farm Arena,Atlanta Hawks,Miami Heat,
294,6,27/11/2022,TD Garden,Boston Celtics,Washington Wizards,
295,6,27/11/2022,Little Caesars Arena,Detroit Pistons,Cleveland Cavaliers,
296,6,27/11/2022,Madison Square Garden,New York Knicks,Memphis Grizzlies,
297,6,27/11/2022,Amway Center,Orlando Magic,Philadelphia 76ers,
298,6,28/11/2022,Fiserv Forum,Milwaukee Bucks,Dallas Mavericks,
299,6,29/11/2022,Wells Fargo Center,Philadelphia 76ers,Atlanta Hawks,
300,6,29/11/2022,Capital One Arena,Washington Wizards,Minnesota Timberwolves,
301,6,29/11/2022,TD Garden,Boston Celtics,Charlotte Hornets,
302,6,29/11/2022,Barclays Center,Brooklyn Nets,Orlando Magic,
303,6,29/11/2022,Scotiabank Arena,Toronto Raptors,Cleveland Cavaliers,
304,6,29/11/2022,Smoothie King Center,New Orleans Pelicans,Oklahoma City Thunder,
305,6,29/11/2022,Ball Arena,Denver Nuggets,Houston Rockets,
306,6,29/11/2022,Vivint Arena,Utah Jazz,Chicago Bulls,
307,6,29/11/2022,Golden 1 Center,Sacramento Kings,Phoenix Suns,
308,6,29/11/2022,Crypto.com Arena,Los Angeles Lakers,Indiana Pacers,
309,6,30/11/2022,Little Caesars Arena,Detroit Pistons,New York Knicks,
310,6,30/11/2022,American Airlines Center,Dallas Mavericks,Golden State Warriors,
311,6,30/11/2022,Moda Center,Portland Trail Blazers,LA Clippers,
312,6,1/12/2022,Rocket Mortgage FieldHouse,Cleveland Cavaliers,Philadelphia 76ers,
313,6,1/12/2022,Amway Center,Orlando Magic,Atlanta Hawks,
314,6,1/12/2022,TD Garden,Boston Celtics,Miami Heat,
315,6,1/12/2022,Barclays Center,Brooklyn Nets,Washington Wizards,
316,6,1/12/2022,Madison Square Garden,New York Knicks,Milwaukee Bucks,
317,6,1/12/2022,Target Center,Minnesota Timberwolves,Memphis Grizzlies,
318,6,1/12/2022,Smoothie King Center,New Orleans Pelicans,Toronto Raptors,
319,6,1/12/2022,Paycom Center,Oklahoma City Thunder,San Antonio Spurs,
320,6,1/12/2022,Ball Arena,Denver Nuggets,Houston Rockets,
321,6,1/12/2022,Footprint Center,Phoenix Suns,Chicago Bulls,
322,6,1/12/2022,Vivint Arena,Utah Jazz,LA Clippers,
323,6,1/12/2022,Golden 1 Center,Sacramento Kings,Indiana Pacers,
324,6,1/12/2022,Crypto.com Arena,Los Angeles Lakers,Portland Trail Blazers,
325,7,2/12/2022,Little Caesars Arena,Detroit Pistons,Dallas Mavericks,
326,7,3/12/2022,Spectrum Center,Charlotte Hornets,Washington Wizards,
327,7,3/12/2022,State Farm Arena,Atlanta Hawks,Denver Nuggets,
328,7,3/12/2022,TD Garden,Boston Celtics,Miami Heat,
329,7,3/12/2022,Barclays Center,Brooklyn Nets,Toronto Raptors,
330,7,3/12/2022,Rocket Mortgage FieldHouse,Cleveland Cavaliers,Orlando Magic,
331,7,3/12/2022,Fiserv Forum,Milwaukee Bucks,Los Angeles Lakers,
332,7,3/12/2022,FedExForum,Memphis Grizzlies,Philadelphia 76ers,
333,7,3/12/2022,AT&T Center,San Antonio Spurs,New Orleans Pelicans,
334,7,3/12/2022,Footprint Center,Phoenix Suns,Houston Rockets,
335,7,3/12/2022,Vivint Arena,Utah Jazz,Indiana Pacers,
336,7,3/12/2022,Chase Center,Golden State Warriors,Chicago Bulls,
337,7,3/12/2022,Madison Square Garden,New York Knicks,Dallas Mavericks,
338,7,3/12/2022,Crypto.com Arena,LA Clippers,Sacramento Kings,
339,7,3/12/2022,Spectrum Center,Charlotte Hornets,Milwaukee Bucks,
340,7,4/12/2022,Scotiabank Arena,Toronto Raptors,Orlando Magic,
341,7,4/12/2022,Target Center,Minnesota Timberwolves,Oklahoma City Thunder,
342,7,4/12/2022,Chase Center,Golden State Warriors,Houston Rockets,
343,7,4/12/2022,Vivint Arena,Utah Jazz,Portland Trail Blazers,
344,7,4/12/2022,Smoothie King Center,New Orleans Pelicans,Denver Nuggets,
345,7,4/12/2022,AT&T Center,San Antonio Spurs,Phoenix Suns,
346,7,4/12/2022,Barclays Center,Brooklyn Nets,Boston Celtics,
347,7,4/12/2022,Little Caesars Arena,Detroit Pistons,Memphis Grizzlies,
348,7,4/12/2022,Madison Square Garden,New York Knicks,Cleveland Cavaliers,
349,7,4/12/2022,Capital One Arena,Washington Wizards,Los Angeles Lakers,
350,7,4/12/2022,Golden 1 Center,Sacramento Kings,Chicago Bulls,
351,7,5/12/2022,Moda Center,Portland Trail Blazers,Indiana Pacers,
352,7,6/12/2022,Spectrum Center,Charlotte Hornets,LA Clippers,
353,7,6/12/2022,Amway Center,Orlando Magic,Milwaukee Bucks,
354,7,6/12/2022,State Farm Arena,Atlanta Hawks,Oklahoma City Thunder,
355,7,6/12/2022,Scotiabank Arena,Toronto Raptors,Boston Celtics,
356,7,6/12/2022,Toyota Center,Houston Rockets,Philadelphia 76ers,
357,7,6/12/2022,FedExForum,Memphis Grizzlies,Miami Heat,
358,7,6/12/2022,American Airlines Center,Dallas Mavericks,Phoenix Suns,
359,7,6/12/2022,Chase Center,Golden State Warriors,Indiana Pacers,
360,7,7/12/2022,Rocket Mortgage FieldHouse,Cleveland Cavaliers,Los Angeles Lakers,
361,7,7/12/2022,FTX Arena,Miami Heat,Detroit Pistons,
362,7,7/12/2022,Ball Arena,Denver Nuggets,Dallas Mavericks,
363,7,8/12/2022,Amway Center,Orlando Magic,LA Clippers,
364,7,8/12/2022,Barclays Center,Brooklyn Nets,Charlotte Hornets,
365,7,8/12/2022,Madison Square Garden,New York Knicks,Atlanta Hawks,
366,7,8/12/2022,Scotiabank Arena,Toronto Raptors,Los Angeles Lakers,
367,7,8/12/2022,United Center,Chicago Bulls,Washington Wizards,
368,7,8/12/2022,FedExForum,Memphis Grizzlies,Oklahoma City Thunder,
369,7,8/12/2022,Fiserv Forum,Milwaukee Bucks,Sacramento Kings,
370,7,8/12/2022,Target Center,Minnesota Timberwolves,Indiana Pacers,
371,7,8/12/2022,Smoothie King Center,New Orleans Pelicans,Detroit Pistons,
372,7,8/12/2022,Vivint Arena,Utah Jazz,Golden State Warriors,
373,7,8/12/2022,Footprint Center,Phoenix Suns,Boston Celtics,
374,8,9/12/2022,FTX Arena,Miami Heat,LA Clippers,
375,8,9/12/2022,AT&T Center,San Antonio Spurs,Houston Rockets,
376,8,9/12/2022,Moda Center,Portland Trail Blazers,Denver Nuggets,
377,8,10/12/2022,Spectrum Center,Charlotte Hornets,New York Knicks,
378,8,10/12/2022,Gainbridge Fieldhouse,Indiana Pacers,Washington Wizards,
379,8,10/12/2022,Amway Center,Orlando Magic,Toronto Raptors,
380,8,10/12/2022,Barclays Center,Brooklyn Nets,Atlanta Hawks,
381,8,10/12/2022,Rocket Mortgage FieldHouse,Cleveland Cavaliers,Sacramento Kings,
382,8,10/12/2022,Wells Fargo Center,Philadelphia 76ers,Los Angeles Lakers,
383,8,10/12/2022,FedExForum,Memphis Grizzlies,Detroit Pistons,
384,8,10/12/2022,Smoothie King Center,New Orleans Pelicans,Phoenix Suns,
385,8,10/12/2022,Vivint Arena,Utah Jazz,Minnesota Timberwolves,
386,8,10/12/2022,American Airlines Center,Dallas Mavericks,Milwaukee Bucks,
387,8,10/12/2022,FTX Arena,Miami Heat,San Antonio Spurs,
388,8,11/12/2022,Gainbridge Fieldhouse,Indiana Pacers,Brooklyn Nets,
389,8,11/12/2022,Capital One Arena,Washington Wizards,LA Clippers,
390,8,11/12/2022,Rocket Mortgage FieldHouse,Cleveland Cavaliers,Oklahoma City Thunder,
391,8,11/12/2022,United Center,Chicago Bulls,Dallas Mavericks,
392,8,11/12/2022,Chase Center,Golden State Warriors,Boston Celtics,
393,8,11/12/2022,Ball Arena,Denver Nuggets,Utah Jazz,
394,8,11/12/2022,Moda Center,Portland Trail Blazers,Minnesota Timberwolves,
395,8,11/12/2022,Smoothie King Center,New Orleans Pelicans,Phoenix Suns,
396,8,11/12/2022,Little Caesars Arena,Detroit Pistons,Los Angeles Lakers,
397,8,11/12/2022,Madison Square Garden,New York Knicks,Sacramento Kings,
398,8,11/12/2022,Amway Center,Orlando Magic,Toronto Raptors,
399,8,11/12/2022,Wells Fargo Center,Philadelphia 76ers,Charlotte Hornets,
400,8,11/12/2022,State Farm Arena,Atlanta Hawks,Chicago Bulls,
401,8,12/12/2022,Toyota Center,Houston Rockets,Milwaukee Bucks,
402,8,13/12/2022,Gainbridge Fieldhouse,Indiana Pacers,Miami Heat,
403,8,13/12/2022,Capital One Arena,Washington Wizards,Brooklyn Nets,
404,8,13/12/2022,FedExForum,Memphis Grizzlies,Atlanta Hawks,
405,8,13/12/2022,American Airlines Center,Dallas Mavericks,Oklahoma City Thunder,
406,8,13/12/2022,AT&T Center,San Antonio Spurs,Cleveland Cavaliers,
407,8,13/12/2022,Moda Center,Portland Trail Blazers,Minnesota Timberwolves,
408,8,13/12/2022,Crypto.com Arena,LA Clippers,Boston Celtics,
409,8,14/12/2022,Wells Fargo Center,Philadelphia 76ers,Sacramento Kings,
410,8,14/12/2022,Fiserv Forum,Milwaukee Bucks,Golden State Warriors,
411,8,14/12/2022,Toyota Center,Houston Rockets,Phoenix Suns,
412,8,14/12/2022,Vivint Arena,Utah Jazz,New Orleans Pelicans,
413,8,14/12/2022,Crypto.com Arena,Los Angeles Lakers,Boston Celtics,
414,8,15/12/2022,Spectrum Center,Charlotte Hornets,Detroit Pistons,
415,8,15/12/2022,Gainbridge Fieldhouse,Indiana Pacers,Golden State Warriors,
416,8,15/12/2022,Amway Center,Orlando Magic,Atlanta Hawks,
417,8,15/12/2022,Scotiabank Arena,Toronto Raptors,Sacramento Kings,
418,8,15/12/2022,United Center,Chicago Bulls,New York Knicks,
419,8,15/12/2022,Paycom Center,Oklahoma City Thunder,Miami Heat,
420,8,15/12/2022,AT&T Center,San Antonio Spurs,Portland Trail Blazers,
421,8,15/12/2022,American Airlines Center,Dallas Mavericks,Cleveland Cavaliers,
422,8,15/12/2022,Ball Arena,Denver Nuggets,Washington Wizards,
423,8,15/12/2022,Crypto.com Arena,LA Clippers,Minnesota Timberwolves,
424,9,16/12/2022,Toyota Center,Houston Rockets,Miami Heat,
425,9,16/12/2022,FedExForum,Memphis Grizzlies,Milwaukee Bucks,
426,9,16/12/2022,Vivint Arena,Utah Jazz,New Orleans Pelicans,
427,9,16/12/2022,Crypto.com Arena,LA Clippers,Phoenix Suns,
428,9,17/12/2022,Spectrum Center,Charlotte Hornets,Atlanta Hawks,
429,9,17/12/2022,Little Caesars Arena,Detroit Pistons,Sacramento Kings,
430,9,17/12/2022,TD Garden,Boston Celtics,Orlando Magic,
431,9,17/12/2022,Rocket Mortgage FieldHouse,Cleveland Cavaliers,Indiana Pacers,
432,9,17/12/2022,Wells Fargo Center,Philadelphia 76ers,Golden State Warriors,
433,9,17/12/2022,Scotiabank Arena,Toronto Raptors,Brooklyn Nets,
434,9,17/12/2022,United Center,Chicago Bulls,New York Knicks,
435,9,17/12/2022,Paycom Center,Oklahoma City Thunder,Minnesota Timberwolves,
436,9,17/12/2022,American Airlines Center,Dallas Mavericks,Portland Trail Blazers,
437,9,17/12/2022,Crypto.com Arena,Los Angeles Lakers,Denver Nuggets,
438,9,17/12/2022,Crypto.com Arena,LA Clippers,Washington Wizards,
439,9,17/12/2022,Mexico City Arena,San Antonio Spurs,Miami Heat,
440,9,18/12/2022,Rocket Mortgage FieldHouse,Cleveland Cavaliers,Dallas Mavericks,
441,9,18/12/2022,Toyota Center,Houston Rockets,Portland Trail Blazers,
442,9,18/12/2022,Fiserv Forum,Milwaukee Bucks,Utah Jazz,
443,9,18/12/2022,Paycom Center,Oklahoma City Thunder,Memphis Grizzlies,
444,9,18/12/2022,Footprint Center,Phoenix Suns,New Orleans Pelicans,
445,9,18/12/2022,TD Garden,Boston Celtics,Orlando Magic,
446,9,18/12/2022,Gainbridge Fieldhouse,Indiana Pacers,New York Knicks,
447,9,18/12/2022,Little Caesars Arena,Detroit Pistons,Brooklyn Nets,
448,9,18/12/2022,Scotiabank Arena,Toronto Raptors,Golden State Warriors,
449,9,19/12/2022,Target Center,Minnesota Timberwolves,Chicago Bulls,
450,9,19/12/2022,Ball Arena,Denver Nuggets,Charlotte Hornets,
451,9,19/12/2022,Crypto.com Arena,Los Angeles Lakers,Washington Wizards,
452,9,20/12/2022,Rocket Mortgage FieldHouse,Cleveland Cavaliers,Utah Jazz,
453,9,20/12/2022,Wells Fargo Center,Philadelphia 76ers,Toronto Raptors,
454,9,20/12/2022,State Farm Arena,Atlanta Hawks,Orlando Magic,
455,9,20/12/2022,Toyota Center,Houston Rockets,San Antonio Spurs,
456,9,20/12/2022,Target Center,Minnesota Timberwolves,Dallas Mavericks,
457,9,20/12/2022,Smoothie King Center,New Orleans Pelicans,Milwaukee Bucks,
458,9,20/12/2022,Paycom Center,Oklahoma City Thunder,Portland Trail Blazers,
459,9,20/12/2022,Footprint Center,Phoenix Suns,Los Angeles Lakers,
460,9,20/12/2022,Golden 1 Center,Sacramento Kings,Charlotte Hornets,
461,9,21/12/2022,Little Caesars Arena,Detroit Pistons,Utah Jazz,
462,9,21/12/2022,FTX Arena,Miami Heat,Chicago Bulls,
463,9,21/12/2022,Madison Square Garden,New York Knicks,Golden State Warriors,
464,9,21/12/2022,Footprint Center,Phoenix Suns,Washington Wizards,
465,9,21/12/2022,Ball Arena,Denver Nuggets,Memphis Grizzlies,
466,9,22/12/2022,Rocket Mortgage FieldHouse,Cleveland Cavaliers,Milwaukee Bucks,
467,9,22/12/2022,Wells Fargo Center,Philadelphia 76ers,Detroit Pistons,
468,9,22/12/2022,State Farm Arena,Atlanta Hawks,Chicago Bulls,
469,9,22/12/2022,TD Garden,Boston Celtics,Indiana Pacers,
470,9,22/12/2022,Barclays Center,Brooklyn Nets,Golden State Warriors,
471,9,22/12/2022,Madison Square Garden,New York Knicks,Toronto Raptors,
472,9,22/12/2022,Toyota Center,Houston Rockets,Orlando Magic,
473,9,22/12/2022,Target Center,Minnesota Timberwolves,Dallas Mavericks,
474,9,22/12/2022,Paycom Center,Oklahoma City Thunder,Portland Trail Blazers,
475,9,22/12/2022,Golden 1 Center,Sacramento Kings,Los Angeles Lakers,
476,9,22/12/2022,Crypto.com Arena,LA Clippers,Charlotte Hornets,
477,10,23/12/2022,Smoothie King Center,New Orleans Pelicans,San Antonio Spurs,
478,10,23/12/2022,Vivint Arena,Utah Jazz,Washington Wizards,
479,10,24/12/2022,Amway Center,Orlando Magic,San Antonio Spurs,
480,10,24/12/2022,Wells Fargo Center,Philadelphia 76ers,LA Clippers,
481,10,24/12/2022,State Farm Arena,Atlanta Hawks,Detroit Pistons,
482,10,24/12/2022,TD Garden,Boston Celtics,Minnesota Timberwolves,
483,10,24/12/2022,Barclays Center,Brooklyn Nets,Milwaukee Bucks,
484,10,24/12/2022,Rocket Mortgage FieldHouse,Cleveland Cavaliers,Toronto Raptors,
485,10,24/12/2022,Madison Square Garden,New York Knicks,Chicago Bulls,
486,10,24/12/2022,FTX Arena,Miami Heat,Indiana Pacers,
487,10,24/12/2022,Toyota Center,Houston Rockets,Dallas Mavericks,
488,10,24/12/2022,Paycom Center,Oklahoma City Thunder,New Orleans Pelicans,
489,10,24/12/2022,Ball Arena,Denver Nuggets,Portland Trail Blazers,
490,10,24/12/2022,Footprint Center,Phoenix Suns,Memphis Grizzlies,
491,10,24/12/2022,Golden 1 Center,Sacramento Kings,Washington Wizards,
492,10,24/12/2022,Crypto.com Arena,Los Angeles Lakers,Charlotte Hornets,
493,10,25/12/2022,Madison Square Garden,New York Knicks,Philadelphia 76ers,
494,10,25/12/2022,American Airlines Center,Dallas Mavericks,Los Angeles Lakers,
495,10,25/12/2022,TD Garden,Boston Celtics,Milwaukee Bucks,
496,10,26/12/2022,Chase Center,Golden State Warriors,Memphis Grizzlies,
497,10,26/12/2022,Ball Arena,Denver Nuggets,Phoenix Suns,
498,10,27/12/2022,Rocket Mortgage FieldHouse,Cleveland Cavaliers,Brooklyn Nets,
499,10,27/12/2022,Little Caesars Arena,Detroit Pistons,LA Clippers,
500,10,27/12/2022,FTX Arena,Miami Heat,Minnesota Timberwolves,
501,10,27/12/2022,United Center,Chicago Bulls,Houston Rockets,
502,10,27/12/2022,Smoothie King Center,New Orleans Pelicans,Indiana Pacers,
503,10,27/12/2022,AT&T Center,San Antonio Spurs,Utah Jazz,
504,10,27/12/2022,Moda Center,Portland Trail Blazers,Charlotte Hornets,
505,10,28/12/2022,Amway Center,Orlando Magic,Los Angeles Lakers,
506,10,28/12/2022,Capital One Arena,Washington Wizards,Philadelphia 76ers,
507,10,28/12/2022,TD Garden,Boston Celtics,Houston Rockets,
508,10,28/12/2022,Gainbridge Fieldhouse,Indiana Pacers,Atlanta Hawks,
509,10,28/12/2022,Scotiabank Arena,Toronto Raptors,LA Clippers,
510,10,28/12/2022,FedExForum,Memphis Grizzlies,Phoenix Suns,
511,10,28/12/2022,Paycom Center,Oklahoma City Thunder,San Antonio Spurs,
512,10,28/12/2022,American Airlines Center,Dallas Mavericks,New York Knicks,
513,10,28/12/2022,Chase Center,Golden State Warriors,Charlotte Hornets,
514,10,28/12/2022,Golden 1 Center,Sacramento Kings,Denver Nuggets,
515,10,29/12/2022,Little Caesars Arena,Detroit Pistons,Orlando Magic,
516,10,29/12/2022,Capital One Arena,Washington Wizards,Phoenix Suns,
517,10,29/12/2022,State Farm Arena,Atlanta Hawks,Brooklyn Nets,
518,10,29/12/2022,FTX Arena,Miami Heat,Los Angeles Lakers,
519,10,29/12/2022,United Center,Chicago Bulls,Milwaukee Bucks,
520,10,29/12/2022,Smoothie King Center,New Orleans Pelicans,Minnesota Timberwolves,
521,10,29/12/2022,Chase Center,Golden State Warriors,Utah Jazz,
522,10,29/12/2022,Golden 1 Center,Sacramento Kings,Denver Nuggets,
523,11,30/12/2022,Spectrum Center,Charlotte Hornets,Oklahoma City Thunder,
524,11,30/12/2022,Gainbridge Fieldhouse,Indiana Pacers,Cleveland Cavaliers,
525,11,30/12/2022,TD Garden,Boston Celtics,LA Clippers,
526,11,30/12/2022,Scotiabank Arena,Toronto Raptors,Memphis Grizzlies,
527,11,30/12/2022,AT&T Center,San Antonio Spurs,New York Knicks,
528,11,30/12/2022,American Airlines Center,Dallas Mavericks,Houston Rockets,
529,11,31/12/2022,Amway Center,Orlando Magic,Washington Wizards,
530,11,31/12/2022,State Farm Arena,Atlanta Hawks,Los Angeles Lakers,
531,11,31/12/2022,Scotiabank Arena,Toronto Raptors,Phoenix Suns,
532,11,31/12/2022,United Center,Chicago Bulls,Detroit Pistons,
533,11,31/12/2022,Fiserv Forum,Milwaukee Bucks,Minnesota Timberwolves,
534,11,31/12/2022,Smoothie King Center,New Orleans Pelicans,Philadelphia 76ers,
535,11,31/12/2022,Ball Arena,Denver Nuggets,Miami Heat,
536,11,31/12/2022,Chase Center,Golden State Warriors,Portland Trail Blazers,
537,11,31/12/2022,Golden 1 Center,Sacramento Kings,Utah Jazz,
538,11,31/12/2022,Gainbridge Fieldhouse,Indiana Pacers,LA Clippers,
539,11,1/1/2023,Spectrum Center,Charlotte Hornets,Brooklyn Nets,
540,11,1/1/2023,United Center,Chicago Bulls,Cleveland Cavaliers,
541,11,1/1/2023,Toyota Center,Houston Rockets,New York Knicks,
542,11,1/1/2023,AT&T Center,San Antonio Spurs,Dallas Mavericks,
543,11,1/1/2023,FedExForum,Memphis Grizzlies,New Orleans Pelicans,
544,11,1/1/2023,Target Center,Minnesota Timberwolves,Detroit Pistons,
545,11,1/1/2023,Paycom Center,Oklahoma City Thunder,Philadelphia 76ers,
546,11,1/1/2023,Vivint Arena,Utah Jazz,Miami Heat,
547,11,2/1/2023,FedExForum,Memphis Grizzlies,Sacramento Kings,
548,11,2/1/2023,Fiserv Forum,Milwaukee Bucks,Washington Wizards,
549,11,2/1/2023,Ball Arena,Denver Nuggets,Boston Celtics,
550,11,2/1/2023,Madison Square Garden,New York Knicks,Phoenix Suns,
551,11,3/1/2023,Spectrum Center,Charlotte Hornets,Los Angeles Lakers,
552,11,3/1/2023,Rocket Mortgage FieldHouse,Cleveland Cavaliers,Chicago Bulls,
553,11,3/1/2023,Gainbridge Fieldhouse,Indiana Pacers,Toronto Raptors,
554,11,3/1/2023,Wells Fargo Center,Philadelphia 76ers,New Orleans Pelicans,
555,11,3/1/2023,Barclays Center,Brooklyn Nets,San Antonio Spurs,
556,11,3/1/2023,Toyota Center,Houston Rockets,Dallas Mavericks,
557,11,3/1/2023,Target Center,Minnesota Timberwolves,Denver Nuggets,
558,11,3/1/2023,Chase Center,Golden State Warriors,Atlanta Hawks,
559,11,3/1/2023,Moda Center,Portland Trail Blazers,Detroit Pistons,
560,11,3/1/2023,Crypto.com Arena,LA Clippers,Miami Heat,
561,11,4/1/2023,Fiserv Forum,Milwaukee Bucks,Washington Wizards,
562,11,4/1/2023,Paycom Center,Oklahoma City Thunder,Boston Celtics,
563,11,4/1/2023,Vivint Arena,Utah Jazz,Sacramento Kings,
564,11,5/1/2023,Spectrum Center,Charlotte Hornets,Memphis Grizzlies,
565,11,5/1/2023,Rocket Mortgage FieldHouse,Cleveland Cavaliers,Phoenix Suns,
566,11,5/1/2023,Amway Center,Orlando Magic,Oklahoma City Thunder,
567,11,5/1/2023,Wells Fargo Center,Philadelphia 76ers,Indiana Pacers,
568,11,5/1/2023,Madison Square Garden,New York Knicks,San Antonio Spurs,
569,11,5/1/2023,Scotiabank Arena,Toronto Raptors,Milwaukee Bucks,
570,11,5/1/2023,United Center,Chicago Bulls,Brooklyn Nets,
571,11,5/1/2023,Target Center,Minnesota Timberwolves,Portland Trail Blazers,
572,11,5/1/2023,Smoothie King Center,New Orleans Pelicans,Houston Rockets,
573,11,5/1/2023,Chase Center,Golden State Warriors,Detroit Pistons,
574,11,5/1/2023,Crypto.com Arena,Los Angeles Lakers,Miami Heat,
575,11,5/1/2023,Golden 1 Center,Sacramento Kings,Atlanta Hawks,
576,12,6/1/2023,Amway Center,Orlando Magic,Memphis Grizzlies,
577,12,6/1/2023,American Airlines Center,Dallas Mavericks,Boston Celtics,
578,12,6/1/2023,Toyota Center,Houston Rockets,Utah Jazz,
579,12,6/1/2023,Ball Arena,Denver Nuggets,LA Clippers,
580,12,7/1/2023,Gainbridge Fieldhouse,Indiana Pacers,Portland Trail Blazers,
581,12,7/1/2023,Wells Fargo Center,Philadelphia 76ers,Chicago Bulls,
582,12,7/1/2023,Scotiabank Arena,Toronto Raptors,New York Knicks,
583,12,7/1/2023,Fiserv Forum,Milwaukee Bucks,Charlotte Hornets,
584,12,7/1/2023,Paycom Center,Oklahoma City Thunder,Washington Wizards,
585,12,7/1/2023,AT&T Center,San Antonio Spurs,Detroit Pistons,
586,12,7/1/2023,Smoothie King Center,New Orleans Pelicans,Brooklyn Nets,
587,12,7/1/2023,Target Center,Minnesota Timberwolves,LA Clippers,
588,12,7/1/2023,Ball Arena,Denver Nuggets,Cleveland Cavaliers,
589,12,7/1/2023,Footprint Center,Phoenix Suns,Miami Heat,
590,12,7/1/2023,Crypto.com Arena,Los Angeles Lakers,Atlanta Hawks,
591,12,7/1/2023,AT&T Center,San Antonio Spurs,Boston Celtics,
592,12,8/1/2023,United Center,Chicago Bulls,Utah Jazz,
593,12,8/1/2023,American Airlines Center,Dallas Mavericks,New Orleans Pelicans,
594,12,8/1/2023,Chase Center,Golden State Warriors,Orlando Magic,
595,12,8/1/2023,Golden 1 Center,Sacramento Kings,Los Angeles Lakers,
596,12,8/1/2023,Little Caesars Arena,Detroit Pistons,Philadelphia 76ers,
597,12,8/1/2023,Scotiabank Arena,Toronto Raptors,Portland Trail Blazers,
598,12,8/1/2023,Gainbridge Fieldhouse,Indiana Pacers,Charlotte Hornets,
599,12,8/1/2023,FTX Arena,Miami Heat,Brooklyn Nets,
600,12,8/1/2023,FedExForum,Memphis Grizzlies,Utah Jazz,
601,12,9/1/2023,Toyota Center,Houston Rockets,Minnesota Timberwolves,
602,12,9/1/2023,Paycom Center,Oklahoma City Thunder,Dallas Mavericks,
603,12,9/1/2023,Footprint Center,Phoenix Suns,Cleveland Cavaliers,
604,12,9/1/2023,Crypto.com Arena,LA Clippers,Atlanta Hawks,
605,12,10/1/2023,Capital One Arena,Washington Wizards,New Orleans Pelicans,
606,12,10/1/2023,TD Garden,Boston Celtics,Chicago Bulls,
607,12,10/1/2023,Madison Square Garden,New York Knicks,Milwaukee Bucks,
608,12,10/1/2023,FedExForum,Memphis Grizzlies,San Antonio Spurs,
609,12,10/1/2023,Ball Arena,Denver Nuggets,Los Angeles Lakers,
610,12,10/1/2023,Golden 1 Center,Sacramento Kings,Orlando Magic,
611,12,11/1/2023,FTX Arena,Miami Heat,Oklahoma City Thunder,
612,12,11/1/2023,Wells Fargo Center,Philadelphia 76ers,Detroit Pistons,
613,12,11/1/2023,Scotiabank Arena,Toronto Raptors,Charlotte Hornets,
614,12,11/1/2023,Vivint Arena,Utah Jazz,Cleveland Cavaliers,
615,12,11/1/2023,Chase Center,Golden State Warriors,Phoenix Suns,
616,12,11/1/2023,Moda Center,Portland Trail Blazers,Orlando Magic,
617,12,11/1/2023,Crypto.com Arena,LA Clippers,Dallas Mavericks,
618,12,12/1/2023,Little Caesars Arena,Detroit Pistons,Minnesota Timberwolves,
619,12,12/1/2023,Capital One Arena,Washington Wizards,Chicago Bulls,
620,12,12/1/2023,State Farm Arena,Atlanta Hawks,Milwaukee Bucks,
621,12,12/1/2023,TD Garden,Boston Celtics,New Orleans Pelicans,
622,12,12/1/2023,Madison Square Garden,New York Knicks,Indiana Pacers,
623,12,12/1/2023,FedExForum,Memphis Grizzlies,San Antonio Spurs,
624,12,12/1/2023,Ball Arena,Denver Nuggets,Phoenix Suns,
625,12,12/1/2023,Golden 1 Center,Sacramento Kings,Houston Rockets,
626,13,13/01/2023,Wells Fargo Center,Philadelphia 76ers,Oklahoma City Thunder,
627,13,13/01/2023,Barclays Center,Brooklyn Nets,Boston Celtics,
628,13,13/01/2023,FTX Arena,Miami Heat,Milwaukee Bucks,
629,13,13/01/2023,Scotiabank Arena,Toronto Raptors,Charlotte Hornets,
630,13,13/01/2023,Crypto.com Arena,Los Angeles Lakers,Dallas Mavericks,
631,13,13/01/2023,Moda Center,Portland Trail Blazers,Cleveland Cavaliers,
632,13,14/01/2023,Little Caesars Arena,Detroit Pistons,New Orleans Pelicans,
633,13,14/01/2023,Gainbridge Fieldhouse,Indiana Pacers,Atlanta Hawks,
634,13,14/01/2023,Capital One Arena,Washington Wizards,New York Knicks,
635,13,14/01/2023,Alamodome,San Antonio Spurs,Golden State Warriors,
636,13,14/01/2023,United Center,Chicago Bulls,Oklahoma City Thunder,
637,13,14/01/2023,Target Center,Minnesota Timberwolves,Phoenix Suns,
638,13,14/01/2023,Vivint Arena,Utah Jazz,Orlando Magic,
639,13,14/01/2023,Crypto.com Arena,LA Clippers,Denver Nuggets,
640,13,14/01/2023,Golden 1 Center,Sacramento Kings,Houston Rockets,
641,13,14/01/2023,FTX Arena,Miami Heat,Milwaukee Bucks,
642,13,15/01/2023,Spectrum Center,Charlotte Hornets,Boston Celtics,
643,13,15/01/2023,Gainbridge Fieldhouse,Indiana Pacers,Memphis Grizzlies,
644,13,15/01/2023,Scotiabank Arena,Toronto Raptors,Atlanta Hawks,
645,13,15/01/2023,Target Center,Minnesota Timberwolves,Cleveland Cavaliers,
646,13,15/01/2023,Vivint Arena,Utah Jazz,Philadelphia 76ers,
647,13,15/01/2023,Moda Center,Portland Trail Blazers,Dallas Mavericks,
648,13,15/01/2023,Little Caesars Arena,Detroit Pistons,New York Knicks,
649,13,15/01/2023,Crypto.com Arena,LA Clippers,Houston Rockets,
650,13,15/01/2023,United Center,Chicago Bulls,Golden State Warriors,
651,13,15/01/2023,Barclays Center,Brooklyn Nets,Oklahoma City Thunder,
652,13,16/01/2023,AT&T Center,San Antonio Spurs,Sacramento Kings,
653,13,16/01/2023,Ball Arena,Denver Nuggets,Orlando Magic,
654,13,16/01/2023,Moda Center,Portland Trail Blazers,Dallas Mavericks,
655,13,16/01/2023,Crypto.com Arena,Los Angeles Lakers,Philadelphia 76ers,
656,13,16/01/2023,Spectrum Center,Charlotte Hornets,Boston Celtics,
657,13,16/01/2023,Fiserv Forum,Milwaukee Bucks,Indiana Pacers,
658,13,16/01/2023,Rocket Mortgage FieldHouse,Cleveland Cavaliers,New Orleans Pelicans,
659,13,16/01/2023,Madison Square Garden,New York Knicks,Toronto Raptors,
660,13,16/01/2023,Capital One Arena,Washington Wizards,Golden State Warriors,
661,13,16/01/2023,State Farm Arena,Atlanta Hawks,Miami Heat,
662,13,16/01/2023,Target Center,Minnesota Timberwolves,Utah Jazz,
663,13,16/01/2023,FedExForum,Memphis Grizzlies,Phoenix Suns,
664,13,17/01/2023,Crypto.com Arena,Los Angeles Lakers,Houston Rockets,
665,13,18/01/2023,Fiserv Forum,Milwaukee Bucks,Toronto Raptors,
666,13,18/01/2023,AT&T Center,San Antonio Spurs,Brooklyn Nets,
667,13,18/01/2023,Ball Arena,Denver Nuggets,Portland Trail Blazers,
668,13,18/01/2023,Crypto.com Arena,LA Clippers,Philadelphia 76ers,
669,13,19/01/2023,Madison Square Garden,New York Knicks,Washington Wizards,
670,13,19/01/2023,American Airlines Center,Dallas Mavericks,Atlanta Hawks,
671,13,19/01/2023,Toyota Center,Houston Rockets,Charlotte Hornets,
672,13,19/01/2023,FedExForum,Memphis Grizzlies,Cleveland Cavaliers,
673,13,19/01/2023,Smoothie King Center,New Orleans Pelicans,Miami Heat,
674,13,19/01/2023,Paycom Center,Oklahoma City Thunder,Indiana Pacers,
675,13,19/01/2023,Vivint Arena,Utah Jazz,LA Clippers,
676,13,19/01/2023,Ball Arena,Denver Nuggets,Minnesota Timberwolves,
677,13,19/01/2023,Crypto.com Arena,Los Angeles Lakers,Sacramento Kings,
678,14,19/01/2023,Accor Arena,Detroit Pistons,Chicago Bulls,
679,14,20/01/2023,TD Garden,Boston Celtics,Golden State Warriors,
680,14,20/01/2023,Target Center,Minnesota Timberwolves,Toronto Raptors,
681,14,20/01/2023,Footprint Center,Phoenix Suns,Brooklyn Nets,
682,14,20/01/2023,Moda Center,Portland Trail Blazers,Philadelphia 76ers,
683,14,21/01/2023,Amway Center,Orlando Magic,New Orleans Pelicans,
684,14,21/01/2023,State Farm Arena,Atlanta Hawks,New York Knicks,
685,14,21/01/2023,Rocket Mortgage FieldHouse,Cleveland Cavaliers,Golden State Warriors,
686,14,21/01/2023,American Airlines Center,Dallas Mavericks,Miami Heat,
687,14,21/01/2023,AT&T Center,San Antonio Spurs,LA Clippers,
688,14,21/01/2023,Ball Arena,Denver Nuggets,Indiana Pacers,
689,14,21/01/2023,Vivint Arena,Utah Jazz,Brooklyn Nets,
690,14,21/01/2023,Crypto.com Arena,Los Angeles Lakers,Memphis Grizzlies,
691,14,21/01/2023,Golden 1 Center,Sacramento Kings,Oklahoma City Thunder,
692,14,21/01/2023,Scotiabank Arena,Toronto Raptors,Boston Celtics,
693,14,22/01/2023,Capital One Arena,Washington Wizards,Orlando Magic,
694,14,22/01/2023,State Farm Arena,Atlanta Hawks,Charlotte Hornets,
695,14,22/01/2023,Rocket Mortgage FieldHouse,Cleveland Cavaliers,Milwaukee Bucks,
696,14,22/01/2023,Target Center,Minnesota Timberwolves,Houston Rockets,
697,14,22/01/2023,Footprint Center,Phoenix Suns,Indiana Pacers,
698,14,22/01/2023,Golden 1 Center,Sacramento Kings,Philadelphia 76ers,
699,14,22/01/2023,FTX Arena,Miami Heat,New Orleans Pelicans,
700,14,22/01/2023,Scotiabank Arena,Toronto Raptors,New York Knicks,
701,14,23/01/2023,American Airlines Center,Dallas Mavericks,LA Clippers,
702,14,23/01/2023,Ball Arena,Denver Nuggets,Oklahoma City Thunder,
703,14,23/01/2023,Footprint Center,Phoenix Suns,Memphis Grizzlies,
704,14,23/01/2023,Chase Center,Golden State Warriors,Brooklyn Nets,
705,14,23/01/2023,Moda Center,Portland Trail Blazers,Los Angeles Lakers,
706,14,24/01/2023,Little Caesars Arena,Detroit Pistons,Milwaukee Bucks,
707,14,24/01/2023,Amway Center,Orlando Magic,Boston Celtics,
708,14,24/01/2023,United Center,Chicago Bulls,Atlanta Hawks,
709,14,24/01/2023,Toyota Center,Houston Rockets,Minnesota Timberwolves,
710,14,24/01/2023,Vivint Arena,Utah Jazz,Charlotte Hornets,
711,14,24/01/2023,Moda Center,Portland Trail Blazers,San Antonio Spurs,
712,14,24/01/2023,Golden 1 Center,Sacramento Kings,Memphis Grizzlies,
713,14,25/01/2023,Gainbridge Fieldhouse,Indiana Pacers,Chicago Bulls,
714,14,25/01/2023,FTX Arena,Miami Heat,Boston Celtics,
715,14,25/01/2023,Madison Square Garden,New York Knicks,Cleveland Cavaliers,
716,14,25/01/2023,Smoothie King Center,New Orleans Pelicans,Denver Nuggets,
717,14,25/01/2023,American Airlines Center,Dallas Mavericks,Washington Wizards,
718,14,25/01/2023,Footprint Center,Phoenix Suns,Charlotte Hornets,
719,14,25/01/2023,Crypto.com Arena,Los Angeles Lakers,LA Clippers,
720,14,26/01/2023,Amway Center,Orlando Magic,Indiana Pacers,
721,14,26/01/2023,Wells Fargo Center,Philadelphia 76ers,Brooklyn Nets,
722,14,26/01/2023,Toyota Center,Houston Rockets,Washington Wizards,
723,14,26/01/2023,Fiserv Forum,Milwaukee Bucks,Denver Nuggets,
724,14,26/01/2023,Smoothie King Center,New Orleans Pelicans,Minnesota Timberwolves,
725,14,26/01/2023,Paycom Center,Oklahoma City Thunder,Atlanta Hawks,
726,14,26/01/2023,Chase Center,Golden State Warriors,Memphis Grizzlies,
727,14,26/01/2023,Moda Center,Portland Trail Blazers,Utah Jazz,
728,14,26/01/2023,Golden 1 Center,Sacramento Kings,Toronto Raptors,
729,14,26/01/2023,Crypto.com Arena,Los Angeles Lakers,San Antonio Spurs,
730,15,27/01/2023,TD Garden,Boston Celtics,New York Knicks,
731,15,27/01/2023,Barclays Center,Brooklyn Nets,Detroit Pistons,
732,15,27/01/2023,Spectrum Center,Charlotte Hornets,Chicago Bulls,
733,15,27/01/2023,Toyota Center,Houston Rockets,Cleveland Cavaliers,
734,15,27/01/2023,Footprint Center,Phoenix Suns,Dallas Mavericks,
735,15,27/01/2023,Crypto.com Arena,LA Clippers,San Antonio Spurs,
736,15,28/01/2023,Gainbridge Fieldhouse,Indiana Pacers,Milwaukee Bucks,
737,15,28/01/2023,Target Center,Minnesota Timberwolves,Memphis Grizzlies,
738,15,28/01/2023,FTX Arena,Miami Heat,Orlando Magic,
739,15,28/01/2023,Paycom Center,Oklahoma City Thunder,Cleveland Cavaliers,
740,15,28/01/2023,Chase Center,Golden State Warriors,Toronto Raptors,
741,15,28/01/2023,Wells Fargo Center,Philadelphia 76ers,Denver Nuggets,
742,15,28/01/2023,Barclays Center,Brooklyn Nets,New York Knicks,
743,15,29/01/2023,Little Caesars Arena,Detroit Pistons,Houston Rockets,
744,15,29/01/2023,Amway Center,Orlando Magic,Chicago Bulls,
745,15,29/01/2023,State Farm Arena,Atlanta Hawks,LA Clippers,
746,15,29/01/2023,Target Center,Minnesota Timberwolves,Sacramento Kings,
747,15,29/01/2023,Smoothie King Center,New Orleans Pelicans,Washington Wizards,
748,15,29/01/2023,AT&T Center,San Antonio Spurs,Phoenix Suns,
749,15,29/01/2023,TD Garden,Boston Celtics,Los Angeles Lakers,
750,15,29/01/2023,Vivint Arena,Utah Jazz,Dallas Mavericks,
751,15,29/01/2023,Moda Center,Portland Trail Blazers,Toronto Raptors,
752,15,29/01/2023,Spectrum Center,Charlotte Hornets,Miami Heat,
753,15,29/01/2023,FedExForum,Memphis Grizzlies,Indiana Pacers,
754,15,30/01/2023,Rocket Mortgage FieldHouse,Cleveland Cavaliers,LA Clippers,
755,15,30/01/2023,Fiserv Forum,Milwaukee Bucks,New Orleans Pelicans,
756,15,31/01/2023,Wells Fargo Center,Philadelphia 76ers,Orlando Magic,
757,15,31/01/2023,Barclays Center,Brooklyn Nets,Los Angeles Lakers,
758,15,31/01/2023,Target Center,Minnesota Timberwolves,Sacramento Kings,
759,15,31/01/2023,Paycom Center,Oklahoma City Thunder,Golden State Warriors,
760,15,31/01/2023,AT&T Center,San Antonio Spurs,Washington Wizards,
761,15,31/01/2023,American Airlines Center,Dallas Mavericks,Detroit Pistons,
762,15,31/01/2023,Footprint Center,Phoenix Suns,Toronto Raptors,
763,15,31/01/2023,Moda Center,Portland Trail Blazers,Atlanta Hawks,
764,15,1/2/2023,Rocket Mortgage FieldHouse,Cleveland Cavaliers,Miami Heat,
765,15,1/2/2023,Madison Square Garden,New York Knicks,Los Angeles Lakers,
766,15,1/2/2023,United Center,Chicago Bulls,LA Clippers,
767,15,1/2/2023,Fiserv Forum,Milwaukee Bucks,Charlotte Hornets,
768,15,1/2/2023,Ball Arena,Denver Nuggets,New Orleans Pelicans,
769,15,2/2/2023,Little Caesars Arena,Detroit Pistons,Washington Wizards,
770,15,2/2/2023,Wells Fargo Center,Philadelphia 76ers,Orlando Magic,
771,15,2/2/2023,FedExForum,Memphis Grizzlies,Portland Trail Blazers,
772,15,2/2/2023,TD Garden,Boston Celtics,Brooklyn Nets,
773,15,2/2/2023,Toyota Center,Houston Rockets,Oklahoma City Thunder,
774,15,2/2/2023,Target Center,Minnesota Timberwolves,Golden State Warriors,
775,15,2/2/2023,AT&T Center,San Antonio Spurs,Sacramento Kings,
776,15,2/2/2023,Vivint Arena,Utah Jazz,Toronto Raptors,
777,15,2/2/2023,Footprint Center,Phoenix Suns,Atlanta Hawks,
778,16,3/2/2023,Gainbridge Fieldhouse,Indiana Pacers,Los Angeles Lakers,
779,16,3/2/2023,Rocket Mortgage FieldHouse,Cleveland Cavaliers,Memphis Grizzlies,
780,16,3/2/2023,Madison Square Garden,New York Knicks,Miami Heat,
781,16,3/2/2023,United Center,Chicago Bulls,Charlotte Hornets,
782,16,3/2/2023,American Airlines Center,Dallas Mavericks,New Orleans Pelicans,
783,16,3/2/2023,Ball Arena,Denver Nuggets,Golden State Warriors,
784,16,3/2/2023,Fiserv Forum,Milwaukee Bucks,LA Clippers,
785,16,4/2/2023,Little Caesars Arena,Detroit Pistons,Charlotte Hornets,
786,16,4/2/2023,Gainbridge Fieldhouse,Indiana Pacers,Sacramento Kings,
787,16,4/2/2023,Capital One Arena,Washington Wizards,Portland Trail Blazers,
788,16,4/2/2023,TD Garden,Boston Celtics,Phoenix Suns,
789,16,4/2/2023,Toyota Center,Houston Rockets,Toronto Raptors,
790,16,4/2/2023,Target Center,Minnesota Timberwolves,Orlando Magic,
791,16,4/2/2023,AT&T Center,San Antonio Spurs,Philadelphia 76ers,
792,16,4/2/2023,Vivint Arena,Utah Jazz,Atlanta Hawks,
793,16,4/2/2023,Barclays Center,Brooklyn Nets,Washington Wizards,
794,16,5/2/2023,Little Caesars Arena,Detroit Pistons,Phoenix Suns,
795,16,5/2/2023,Madison Square Garden,New York Knicks,LA Clippers,
796,16,5/2/2023,United Center,Chicago Bulls,Portland Trail Blazers,
797,16,5/2/2023,Fiserv Forum,Milwaukee Bucks,Miami Heat,
798,16,5/2/2023,Smoothie King Center,New Orleans Pelicans,Los Angeles Lakers,
799,16,5/2/2023,Paycom Center,Oklahoma City Thunder,Houston Rockets,
800,16,5/2/2023,Chase Center,Golden State Warriors,Dallas Mavericks,
801,16,5/2/2023,Ball Arena,Denver Nuggets,Atlanta Hawks,
802,16,5/2/2023,Spectrum Center,Charlotte Hornets,Orlando Magic,
803,16,5/2/2023,Gainbridge Fieldhouse,Indiana Pacers,Cleveland Cavaliers,
804,16,5/2/2023,Madison Square Garden,New York Knicks,Philadelphia 76ers,
805,16,5/2/2023,FedExForum,Memphis Grizzlies,Toronto Raptors,
806,16,6/2/2023,Target Center,Minnesota Timberwolves,Denver Nuggets,
807,16,6/2/2023,Smoothie King Center,New Orleans Pelicans,Sacramento Kings,
808,16,7/2/2023,Little Caesars Arena,Detroit Pistons,Boston Celtics,
809,16,7/2/2023,Capital One Arena,Washington Wizards,Cleveland Cavaliers,
810,16,7/2/2023,Barclays Center,Brooklyn Nets,LA Clippers,
811,16,7/2/2023,United Center,Chicago Bulls,San Antonio Spurs,
812,16,7/2/2023,Toyota Center,Houston Rockets,Sacramento Kings,
813,16,7/2/2023,Vivint Arena,Utah Jazz,Dallas Mavericks,
814,16,7/2/2023,Chase Center,Golden State Warriors,Oklahoma City Thunder,
815,16,7/2/2023,Moda Center,Portland Trail Blazers,Milwaukee Bucks,
816,16,8/2/2023,Amway Center,Orlando Magic,New York Knicks,
817,16,8/2/2023,Barclays Center,Brooklyn Nets,Phoenix Suns,
818,16,8/2/2023,Smoothie King Center,New Orleans Pelicans,Atlanta Hawks,
819,16,8/2/2023,FedExForum,Memphis Grizzlies,Chicago Bulls,
820,16,8/2/2023,Ball Arena,Denver Nuggets,Minnesota Timberwolves,
821,16,8/2/2023,Crypto.com Arena,Los Angeles Lakers,Oklahoma City Thunder,
822,16,9/2/2023,Rocket Mortgage FieldHouse,Cleveland Cavaliers,Detroit Pistons,
823,16,9/2/2023,Capital One Arena,Washington Wizards,Charlotte Hornets,
824,16,9/2/2023,TD Garden,Boston Celtics,Philadelphia 76ers,
825,16,9/2/2023,FTX Arena,Miami Heat,Indiana Pacers,
826,16,9/2/2023,Scotiabank Arena,Toronto Raptors,San Antonio Spurs,
827,16,9/2/2023,Toyota Center,Houston Rockets,Sacramento Kings,
828,16,9/2/2023,Vivint Arena,Utah Jazz,Minnesota Timberwolves,
829,16,9/2/2023,Crypto.com Arena,LA Clippers,Dallas Mavericks,
830,16,9/2/2023,Moda Center,Portland Trail Blazers,Golden State Warriors,
831,17,10/2/2023,Amway Center,Orlando Magic,Denver Nuggets,
832,17,10/2/2023,State Farm Arena,Atlanta Hawks,Phoenix Suns,
833,17,10/2/2023,Barclays Center,Brooklyn Nets,Chicago Bulls,
834,17,10/2/2023,Crypto.com Arena,Los Angeles Lakers,Milwaukee Bucks,
835,17,11/2/2023,Little Caesars Arena,Detroit Pistons,San Antonio Spurs,
836,17,11/2/2023,Gainbridge Fieldhouse,Indiana Pacers,Phoenix Suns,
837,17,11/2/2023,Wells Fargo Center,Philadelphia 76ers,New York Knicks,
838,17,11/2/2023,TD Garden,Boston Celtics,Charlotte Hornets,
839,17,11/2/2023,Scotiabank Arena,Toronto Raptors,Utah Jazz,
840,17,11/2/2023,FTX Arena,Miami Heat,Houston Rockets,
841,17,11/2/2023,FedExForum,Memphis Grizzlies,Minnesota Timberwolves,
842,17,11/2/2023,Smoothie King Center,New Orleans Pelicans,Cleveland Cavaliers,
843,17,11/2/2023,Moda Center,Portland Trail Blazers,Oklahoma City Thunder,
844,17,11/2/2023,Golden 1 Center,Sacramento Kings,Dallas Mavericks,
845,17,11/2/2023,Crypto.com Arena,LA Clippers,Milwaukee Bucks,
846,17,11/2/2023,Barclays Center,Brooklyn Nets,Philadelphia 76ers,
847,17,12/2/2023,Spectrum Center,Charlotte Hornets,Denver Nuggets,
848,17,12/2/2023,Amway Center,Orlando Magic,Miami Heat,
849,17,12/2/2023,Capital One Arena,Washington Wizards,Indiana Pacers,
850,17,12/2/2023,State Farm Arena,Atlanta Hawks,San Antonio Spurs,
851,17,12/2/2023,Madison Square Garden,New York Knicks,Utah Jazz,
852,17,12/2/2023,Rocket Mortgage FieldHouse,Cleveland Cavaliers,Chicago Bulls,
853,17,12/2/2023,Chase Center,Golden State Warriors,Los Angeles Lakers,
854,17,12/2/2023,Golden 1 Center,Sacramento Kings,Dallas Mavericks,
855,17,12/2/2023,TD Garden,Boston Celtics,Memphis Grizzlies,
856,17,12/2/2023,Scotiabank Arena,Toronto Raptors,Detroit Pistons,
857,17,14/02/2023,Spectrum Center,Charlotte Hornets,Atlanta Hawks,
858,17,14/02/2023,Rocket Mortgage FieldHouse,Cleveland Cavaliers,San Antonio Spurs,
859,17,14/02/2023,Gainbridge Fieldhouse,Indiana Pacers,Utah Jazz,
860,17,14/02/2023,Wells Fargo Center,Philadelphia 76ers,Houston Rockets,
861,17,14/02/2023,FTX Arena,Miami Heat,Denver Nuggets,
862,17,14/02/2023,Madison Square Garden,New York Knicks,Brooklyn Nets,
863,17,14/02/2023,United Center,Chicago Bulls,Orlando Magic,
864,17,14/02/2023,Paycom Center,Oklahoma City Thunder,New Orleans Pelicans,
865,17,14/02/2023,American Airlines Center,Dallas Mavericks,Minnesota Timberwolves,
866,17,14/02/2023,Chase Center,Golden State Warriors,Washington Wizards,
867,17,14/02/2023,Moda Center,Portland Trail Blazers,Los Angeles Lakers,
868,17,15/02/2023,Scotiabank Arena,Toronto Raptors,Orlando Magic,
869,17,15/02/2023,Fiserv Forum,Milwaukee Bucks,Boston Celtics,
870,17,15/02/2023,Footprint Center,Phoenix Suns,Sacramento Kings,
871,17,15/02/2023,Crypto.com Arena,LA Clippers,Golden State Warriors,
872,17,15/02/2023,Moda Center,Portland Trail Blazers,Washington Wizards,
873,17,16/02/2023,Spectrum Center,Charlotte Hornets,San Antonio Spurs,
874,17,16/02/2023,Gainbridge Fieldhouse,Indiana Pacers,Chicago Bulls,
875,17,16/02/2023,Wells Fargo Center,Philadelphia 76ers,Cleveland Cavaliers,
876,17,16/02/2023,State Farm Arena,Atlanta Hawks,New York Knicks,
877,17,16/02/2023,TD Garden,Boston Celtics,Detroit Pistons,
878,17,16/02/2023,Barclays Center,Brooklyn Nets,Miami Heat,
879,17,16/02/2023,FedExForum,Memphis Grizzlies,Utah Jazz,
880,17,16/02/2023,Paycom Center,Oklahoma City Thunder,Houston Rockets,
881,17,16/02/2023,Ball Arena,Denver Nuggets,Dallas Mavericks,
882,17,16/02/2023,Crypto.com Arena,Los Angeles Lakers,New Orleans Pelicans,
883,17,17/02/2023,United Center,Chicago Bulls,Milwaukee Bucks,
884,17,17/02/2023,Target Center,Minnesota Timberwolves,Washington Wizards,
885,17,17/02/2023,Footprint Center,Phoenix Suns,LA Clippers,
886,18,24/02/2023,Rocket Mortgage FieldHouse,Cleveland Cavaliers,Denver Nuggets,
887,18,24/02/2023,Gainbridge Fieldhouse,Indiana Pacers,Boston Celtics,
888,18,24/02/2023,Amway Center,Orlando Magic,Detroit Pistons,
889,18,24/02/2023,Wells Fargo Center,Philadelphia 76ers,Memphis Grizzlies,
890,18,24/02/2023,Scotiabank Arena,Toronto Raptors,New Orleans Pelicans,
891,18,24/02/2023,American Airlines Center,Dallas Mavericks,San Antonio Spurs,
892,18,24/02/2023,Vivint Arena,Utah Jazz,Oklahoma City Thunder,
893,18,24/02/2023,Crypto.com Arena,Los Angeles Lakers,Golden State Warriors,
894,18,24/02/2023,Golden 1 Center,Sacramento Kings,Portland Trail Blazers,
895,18,25/02/2023,Capital One Arena,Washington Wizards,New York Knicks,
896,18,25/02/2023,State Farm Arena,Atlanta Hawks,Cleveland Cavaliers,
897,18,25/02/2023,Fiserv Forum,Milwaukee Bucks,Miami Heat,
898,18,25/02/2023,Target Center,Minnesota Timberwolves,Charlotte Hornets,
899,18,25/02/2023,Footprint Center,Phoenix Suns,Oklahoma City Thunder,
900,18,25/02/2023,United Center,Chicago Bulls,Brooklyn Nets,
901,18,25/02/2023,Chase Center,Golden State Warriors,Houston Rockets,
902,18,25/02/2023,Crypto.com Arena,LA Clippers,Sacramento Kings,
903,18,25/02/2023,Little Caesars Arena,Detroit Pistons,Toronto Raptors,
904,18,26/02/2023,Spectrum Center,Charlotte Hornets,Miami Heat,
905,18,26/02/2023,Amway Center,Orlando Magic,Indiana Pacers,
906,18,26/02/2023,Madison Square Garden,New York Knicks,New Orleans Pelicans,
907,18,26/02/2023,FedExForum,Memphis Grizzlies,Denver Nuggets,
908,18,26/02/2023,Wells Fargo Center,Philadelphia 76ers,Boston Celtics,
909,18,26/02/2023,Vivint Arena,Utah Jazz,San Antonio Spurs,
910,18,26/02/2023,Fiserv Forum,Milwaukee Bucks,Phoenix Suns,
911,18,26/02/2023,State Farm Arena,Atlanta Hawks,Brooklyn Nets,
912,18,26/02/2023,United Center,Chicago Bulls,Washington Wizards,
913,18,26/02/2023,American Airlines Center,Dallas Mavericks,Los Angeles Lakers,
914,18,26/02/2023,Rocket Mortgage FieldHouse,Cleveland Cavaliers,Toronto Raptors,
915,18,27/02/2023,Paycom Center,Oklahoma City Thunder,Sacramento Kings,
916,18,27/02/2023,Chase Center,Golden State Warriors,Minnesota Timberwolves,
917,18,27/02/2023,Moda Center,Portland Trail Blazers,Houston Rockets,
918,18,27/02/2023,Ball Arena,Denver Nuggets,LA Clippers,
919,18,28/02/2023,Spectrum Center,Charlotte Hornets,Detroit Pistons,
920,18,28/02/2023,Wells Fargo Center,Philadelphia 76ers,Miami Heat,
921,18,28/02/2023,Madison Square Garden,New York Knicks,Boston Celtics,
922,18,28/02/2023,Smoothie King Center,New Orleans Pelicans,Orlando Magic,
923,18,1/3/2023,State Farm Arena,Atlanta Hawks,Washington Wizards,
924,18,1/3/2023,Barclays Center,Brooklyn Nets,Milwaukee Bucks,
925,18,1/3/2023,Scotiabank Arena,Toronto Raptors,Chicago Bulls,
926,18,1/3/2023,Toyota Center,Houston Rockets,Denver Nuggets,
927,18,1/3/2023,FedExForum,Memphis Grizzlies,Los Angeles Lakers,
928,18,1/3/2023,Paycom Center,Oklahoma City Thunder,Sacramento Kings,
929,18,1/3/2023,American Airlines Center,Dallas Mavericks,Indiana Pacers,
930,18,1/3/2023,Vivint Arena,Utah Jazz,San Antonio Spurs,
931,18,1/3/2023,Chase Center,Golden State Warriors,Portland Trail Blazers,
932,18,1/3/2023,Crypto.com Arena,LA Clippers,Minnesota Timberwolves,
933,18,2/3/2023,Spectrum Center,Charlotte Hornets,Phoenix Suns,
934,18,2/3/2023,Little Caesars Arena,Detroit Pistons,Chicago Bulls,
935,18,2/3/2023,TD Garden,Boston Celtics,Cleveland Cavaliers,
936,18,2/3/2023,FTX Arena,Miami Heat,Philadelphia 76ers,
937,18,2/3/2023,Madison Square Garden,New York Knicks,Brooklyn Nets,
938,18,2/3/2023,Toyota Center,Houston Rockets,Memphis Grizzlies,
939,18,2/3/2023,Fiserv Forum,Milwaukee Bucks,Orlando Magic,
940,18,2/3/2023,Paycom Center,Oklahoma City Thunder,Los Angeles Lakers,
941,18,2/3/2023,Moda Center,Portland Trail Blazers,New Orleans Pelicans,
942,19,3/3/2023,Capital One Arena,Washington Wizards,Toronto Raptors,
943,19,3/3/2023,American Airlines Center,Dallas Mavericks,Philadelphia 76ers,
944,19,3/3/2023,AT&T Center,San Antonio Spurs,Indiana Pacers,
945,19,3/3/2023,Chase Center,Golden State Warriors,LA Clippers,
946,19,4/3/2023,Spectrum Center,Charlotte Hornets,Orlando Magic,
947,19,4/3/2023,State Farm Arena,Atlanta Hawks,Portland Trail Blazers,
948,19,4/3/2023,TD Garden,Boston Celtics,Brooklyn Nets,
949,19,4/3/2023,FTX Arena,Miami Heat,New York Knicks,
950,19,4/3/2023,United Center,Chicago Bulls,Phoenix Suns,
951,19,4/3/2023,Paycom Center,Oklahoma City Thunder,Utah Jazz,
952,19,4/3/2023,Ball Arena,Denver Nuggets,Memphis Grizzlies,
953,19,4/3/2023,Chase Center,Golden State Warriors,New Orleans Pelicans,
954,19,4/3/2023,Golden 1 Center,Sacramento Kings,LA Clippers,
955,19,4/3/2023,Crypto.com Arena,Los Angeles Lakers,Minnesota Timberwolves,
956,19,4/3/2023,Capital One Arena,Washington Wizards,Toronto Raptors,
957,19,5/3/2023,Rocket Mortgage FieldHouse,Cleveland Cavaliers,Detroit Pistons,
958,19,5/3/2023,FTX Arena,Miami Heat,Atlanta Hawks,
959,19,5/3/2023,AT&T Center,San Antonio Spurs,Houston Rockets,
960,19,5/3/2023,Fiserv Forum,Milwaukee Bucks,Philadelphia 76ers,
961,19,5/3/2023,Golden 1 Center,Sacramento Kings,Minnesota Timberwolves,
962,19,5/3/2023,American Airlines Center,Dallas Mavericks,Phoenix Suns,
963,19,5/3/2023,United Center,Chicago Bulls,Indiana Pacers,
964,19,5/3/2023,Crypto.com Arena,Los Angeles Lakers,Golden State Warriors,
965,19,5/3/2023,Barclays Center,Brooklyn Nets,Charlotte Hornets,
966,19,5/3/2023,Amway Center,Orlando Magic,Portland Trail Blazers,
967,19,6/3/2023,Toyota Center,Houston Rockets,San Antonio Spurs,
968,19,6/3/2023,Paycom Center,Oklahoma City Thunder,Utah Jazz,
969,19,6/3/2023,TD Garden,Boston Celtics,New York Knicks,
970,19,6/3/2023,Crypto.com Arena,LA Clippers,Memphis Grizzlies,
971,19,7/3/2023,Rocket Mortgage FieldHouse,Cleveland Cavaliers,Boston Celtics,
972,19,7/3/2023,Gainbridge Fieldhouse,Indiana Pacers,Philadelphia 76ers,
973,19,7/3/2023,Capital One Arena,Washington Wizards,Milwaukee Bucks,
974,19,7/3/2023,FTX Arena,Miami Heat,Atlanta Hawks,
975,19,7/3/2023,Ball Arena,Denver Nuggets,Toronto Raptors,
976,19,7/3/2023,Golden 1 Center,Sacramento Kings,New Orleans Pelicans,
977,19,8/3/2023,Little Caesars Arena,Detroit Pistons,Portland Trail Blazers,
978,19,8/3/2023,Amway Center,Orlando Magic,Milwaukee Bucks,
979,19,8/3/2023,Madison Square Garden,New York Knicks,Charlotte Hornets,
980,19,8/3/2023,Target Center,Minnesota Timberwolves,Philadelphia 76ers,
981,19,8/3/2023,Toyota Center,Houston Rockets,Brooklyn Nets,
982,19,8/3/2023,Paycom Center,Oklahoma City Thunder,Golden State Warriors,
983,19,8/3/2023,American Airlines Center,Dallas Mavericks,Utah Jazz,
984,19,8/3/2023,Crypto.com Arena,Los Angeles Lakers,Memphis Grizzlies,
985,19,9/3/2023,Capital One Arena,Washington Wizards,Atlanta Hawks,
986,19,9/3/2023,TD Garden,Boston Celtics,Portland Trail Blazers,
987,19,9/3/2023,FTX Arena,Miami Heat,Cleveland Cavaliers,
988,19,9/3/2023,Smoothie King Center,New Orleans Pelicans,Dallas Mavericks,
989,19,9/3/2023,Ball Arena,Denver Nuggets,Chicago Bulls,
990,19,9/3/2023,Footprint Center,Phoenix Suns,Oklahoma City Thunder,
991,19,9/3/2023,Crypto.com Arena,LA Clippers,Toronto Raptors,
992,20,10/3/2023,Little Caesars Arena,Detroit Pistons,Charlotte Hornets,
993,20,10/3/2023,Gainbridge Fieldhouse,Indiana Pacers,Houston Rockets,
994,20,10/3/2023,Amway Center,Orlando Magic,Utah Jazz,
995,20,10/3/2023,Fiserv Forum,Milwaukee Bucks,Brooklyn Nets,
996,20,10/3/2023,FedExForum,Memphis Grizzlies,Golden State Warriors,
997,20,10/3/2023,Golden 1 Center,Sacramento Kings,New York Knicks,
998,20,11/3/2023,Wells Fargo Center,Philadelphia 76ers,Portland Trail Blazers,
999,20,11/3/2023,Capital One Arena,Washington Wizards,Atlanta Hawks,
1000,20,11/3/2023,FTX Arena,Miami Heat,Cleveland Cavaliers,
1001,20,11/3/2023,Target Center,Minnesota Timberwolves,Brooklyn Nets,
1002,20,11/3/2023,AT&T Center,San Antonio Spurs,Denver Nuggets,
1003,20,11/3/2023,Crypto.com Arena,Los Angeles Lakers,Toronto Raptors,
1004,20,11/3/2023,Crypto.com Arena,LA Clippers,New York Knicks,
1005,20,12/3/2023,Spectrum Center,Charlotte Hornets,Utah Jazz,
1006,20,12/3/2023,Little Caesars Arena,Detroit Pistons,Indiana Pacers,
1007,20,12/3/2023,Amway Center,Orlando Magic,Miami Heat,
1008,20,12/3/2023,State Farm Arena,Atlanta Hawks,Boston Celtics,
1009,20,12/3/2023,Toyota Center,Houston Rockets,Chicago Bulls,
1010,20,12/3/2023,FedExForum,Memphis Grizzlies,Dallas Mavericks,
1011,20,12/3/2023,Smoothie King Center,New Orleans Pelicans,Oklahoma City Thunder,
1012,20,12/3/2023,Chase Center,Golden State Warriors,Milwaukee Bucks,
1013,20,12/3/2023,Footprint Center,Phoenix Suns,Sacramento Kings,
1014,20,12/3/2023,Ball Arena,Denver Nuggets,Brooklyn Nets,
1015,20,12/3/2023,Spectrum Center,Charlotte Hornets,Cleveland Cavaliers,
1016,20,12/3/2023,Wells Fargo Center,Philadelphia 76ers,Washington Wizards,
1017,20,12/3/2023,Smoothie King Center,New Orleans Pelicans,Portland Trail Blazers,
1018,20,12/3/2023,AT&T Center,San Antonio Spurs,Oklahoma City Thunder,
1019,20,13/03/2023,Crypto.com Arena,Los Angeles Lakers,New York Knicks,
1020,20,13/03/2023,Little Caesars Arena,Detroit Pistons,Indiana Pacers,
1021,20,13/03/2023,State Farm Arena,Atlanta Hawks,Minnesota Timberwolves,
1022,20,13/03/2023,FTX Arena,Miami Heat,Utah Jazz,
1023,20,13/03/2023,American Airlines Center,Dallas Mavericks,Memphis Grizzlies,
1024,20,14/03/2023,Toyota Center,Houston Rockets,Boston Celtics,
1025,20,14/03/2023,Chase Center,Golden State Warriors,Phoenix Suns,
1026,20,14/03/2023,Golden 1 Center,Sacramento Kings,Milwaukee Bucks,
1027,20,14/03/2023,Spectrum Center,Charlotte Hornets,Cleveland Cavaliers,
1028,20,14/03/2023,Capital One Arena,Washington Wizards,Detroit Pistons,
1029,20,14/03/2023,Scotiabank Arena,Toronto Raptors,Denver Nuggets,
1030,20,15/03/2023,Smoothie King Center,New Orleans Pelicans,Los Angeles Lakers,
1031,20,15/03/2023,Paycom Center,Oklahoma City Thunder,Brooklyn Nets,
1032,20,15/03/2023,AT&T Center,San Antonio Spurs,Orlando Magic,
1033,20,15/03/2023,Footprint Center,Phoenix Suns,Milwaukee Bucks,
1034,20,15/03/2023,Moda Center,Portland Trail Blazers,New York Knicks,
1035,20,15/03/2023,Rocket Mortgage FieldHouse,Cleveland Cavaliers,Philadelphia 76ers,
1036,20,15/03/2023,FTX Arena,Miami Heat,Memphis Grizzlies,
1037,20,16/03/2023,United Center,Chicago Bulls,Sacramento Kings,
1038,20,16/03/2023,Toyota Center,Houston Rockets,Los Angeles Lakers,
1039,20,16/03/2023,Target Center,Minnesota Timberwolves,Boston Celtics,
1040,20,16/03/2023,AT&T Center,San Antonio Spurs,Dallas Mavericks,
1041,20,16/03/2023,Crypto.com Arena,LA Clippers,Golden State Warriors,
1042,21,16/03/2023,Little Caesars Arena,Detroit Pistons,Denver Nuggets,
1043,21,16/03/2023,Barclays Center,Brooklyn Nets,Sacramento Kings,
1044,21,16/03/2023,Scotiabank Arena,Toronto Raptors,Oklahoma City Thunder,
1045,21,17/03/2023,Fiserv Forum,Milwaukee Bucks,Indiana Pacers,
1046,21,17/03/2023,Footprint Center,Phoenix Suns,Orlando Magic,
1047,21,17/03/2023,Spectrum Center,Charlotte Hornets,Philadelphia 76ers,
1048,21,17/03/2023,State Farm Arena,Atlanta Hawks,Golden State Warriors,
1049,21,17/03/2023,Rocket Mortgage FieldHouse,Cleveland Cavaliers,Washington Wizards,
1050,21,18/03/2023,United Center,Chicago Bulls,Minnesota Timberwolves,
1051,21,18/03/2023,Toyota Center,Houston Rockets,New Orleans Pelicans,
1052,21,18/03/2023,AT&T Center,San Antonio Spurs,Memphis Grizzlies,
1053,21,18/03/2023,Moda Center,Portland Trail Blazers,Boston Celtics,
1054,21,18/03/2023,Crypto.com Arena,Los Angeles Lakers,Dallas Mavericks,
1055,21,18/03/2023,Madison Square Garden,New York Knicks,Denver Nuggets,
1056,21,18/03/2023,Crypto.com Arena,LA Clippers,Orlando Magic,
1057,21,18/03/2023,Gainbridge Fieldhouse,Indiana Pacers,Philadelphia 76ers,
1058,21,18/03/2023,Scotiabank Arena,Toronto Raptors,Minnesota Timberwolves,
1059,21,19/03/2023,Capital One Arena,Washington Wizards,Sacramento Kings,
1060,21,19/03/2023,United Center,Chicago Bulls,Miami Heat,
1061,21,19/03/2023,FedExForum,Memphis Grizzlies,Golden State Warriors,
1062,21,19/03/2023,Vivint Arena,Utah Jazz,Boston Celtics,
1063,21,19/03/2023,Barclays Center,Brooklyn Nets,Denver Nuggets,
1064,21,19/03/2023,Paycom Center,Oklahoma City Thunder,Phoenix Suns,
1065,21,19/03/2023,AT&T Center,San Antonio Spurs,Atlanta Hawks,
1066,21,19/03/2023,Little Caesars Arena,Detroit Pistons,Miami Heat,
1067,21,19/03/2023,Toyota Center,Houston Rockets,New Orleans Pelicans,
1068,21,20/03/2023,Fiserv Forum,Milwaukee Bucks,Toronto Raptors,
1069,21,20/03/2023,Moda Center,Portland Trail Blazers,LA Clippers,
1070,21,20/03/2023,Crypto.com Arena,Los Angeles Lakers,Orlando Magic,
1071,21,20/03/2023,Spectrum Center,Charlotte Hornets,Indiana Pacers,
1072,21,20/03/2023,Wells Fargo Center,Philadelphia 76ers,Chicago Bulls,
1073,21,20/03/2023,Madison Square Garden,New York Knicks,Minnesota Timberwolves,
1074,21,21/03/2023,Toyota Center,Houston Rockets,Golden State Warriors,
1075,21,21/03/2023,FedExForum,Memphis Grizzlies,Dallas Mavericks,
1076,21,21/03/2023,Vivint Arena,Utah Jazz,Sacramento Kings,
1077,21,21/03/2023,Amway Center,Orlando Magic,Washington Wizards,
1078,21,21/03/2023,State Farm Arena,Atlanta Hawks,Detroit Pistons,
1079,21,21/03/2023,Barclays Center,Brooklyn Nets,Cleveland Cavaliers,
1080,21,22/03/2023,Smoothie King Center,New Orleans Pelicans,San Antonio Spurs,
1081,21,22/03/2023,Golden 1 Center,Sacramento Kings,Boston Celtics,
1082,21,22/03/2023,Crypto.com Arena,LA Clippers,Oklahoma City Thunder,
1083,21,22/03/2023,Capital One Arena,Washington Wizards,Denver Nuggets,
1084,21,22/03/2023,FTX Arena,Miami Heat,New York Knicks,
1085,21,22/03/2023,Scotiabank Arena,Toronto Raptors,Indiana Pacers,
1086,21,22/03/2023,American Airlines Center,Dallas Mavericks,Golden State Warriors,
1087,21,23/03/2023,United Center,Chicago Bulls,Philadelphia 76ers,
1088,21,23/03/2023,FedExForum,Memphis Grizzlies,Houston Rockets,
1089,21,23/03/2023,Fiserv Forum,Milwaukee Bucks,San Antonio Spurs,
1090,21,23/03/2023,Target Center,Minnesota Timberwolves,Atlanta Hawks,
1091,21,23/03/2023,Vivint Arena,Utah Jazz,Portland Trail Blazers,
1092,21,23/03/2023,Crypto.com Arena,Los Angeles Lakers,Phoenix Suns,
1093,22,23/03/2023,Amway Center,Orlando Magic,New York Knicks,
1094,22,23/03/2023,Barclays Center,Brooklyn Nets,Cleveland Cavaliers,
1095,22,24/03/2023,Smoothie King Center,New Orleans Pelicans,Charlotte Hornets,
1096,22,24/03/2023,Crypto.com Arena,LA Clippers,Oklahoma City Thunder,
1097,22,24/03/2023,TD Garden,Boston Celtics,Indiana Pacers,
1098,22,24/03/2023,Capital One Arena,Washington Wizards,San Antonio Spurs,
1099,22,24/03/2023,Scotiabank Arena,Toronto Raptors,Detroit Pistons,
1100,22,25/03/2023,FedExForum,Memphis Grizzlies,Houston Rockets,
1101,22,25/03/2023,American Airlines Center,Dallas Mavericks,Charlotte Hornets,
1102,22,25/03/2023,Vivint Arena,Utah Jazz,Milwaukee Bucks,
1103,22,25/03/2023,Chase Center,Golden State Warriors,Philadelphia 76ers,
1104,22,25/03/2023,Moda Center,Portland Trail Blazers,Chicago Bulls,
1105,22,25/03/2023,Golden 1 Center,Sacramento Kings,Phoenix Suns,
1106,22,25/03/2023,Crypto.com Arena,Los Angeles Lakers,Oklahoma City Thunder,
1107,22,25/03/2023,State Farm Arena,Atlanta Hawks,Indiana Pacers,
1108,22,26/03/2023,FTX Arena,Miami Heat,Brooklyn Nets,
1109,22,26/03/2023,Ball Arena,Denver Nuggets,Milwaukee Bucks,
1110,22,26/03/2023,Footprint Center,Phoenix Suns,Philadelphia 76ers,
1111,22,26/03/2023,Golden 1 Center,Sacramento Kings,Utah Jazz,
1112,22,26/03/2023,Crypto.com Arena,LA Clippers,New Orleans Pelicans,
1113,22,26/03/2023,Spectrum Center,Charlotte Hornets,Dallas Mavericks,
1114,22,26/03/2023,Crypto.com Arena,Los Angeles Lakers,Chicago Bulls,
1115,22,26/03/2023,State Farm Arena,Atlanta Hawks,Memphis Grizzlies,
1116,22,26/03/2023,TD Garden,Boston Celtics,San Antonio Spurs,
1117,22,26/03/2023,Rocket Mortgage FieldHouse,Cleveland Cavaliers,Houston Rockets,
1118,22,26/03/2023,Amway Center,Orlando Magic,Brooklyn Nets,
1119,22,26/03/2023,Scotiabank Arena,Toronto Raptors,Washington Wizards,
1120,22,26/03/2023,Moda Center,Portland Trail Blazers,Oklahoma City Thunder,
1121,22,27/03/2023,Chase Center,Golden State Warriors,Minnesota Timberwolves,
1122,22,27/03/2023,Little Caesars Arena,Detroit Pistons,Milwaukee Bucks,
1123,22,27/03/2023,Gainbridge Fieldhouse,Indiana Pacers,Dallas Mavericks,
1124,22,27/03/2023,Madison Square Garden,New York Knicks,Houston Rockets,
1125,22,28/03/2023,Vivint Arena,Utah Jazz,Phoenix Suns,
1126,22,28/03/2023,Ball Arena,Denver Nuggets,Philadelphia 76ers,
1127,22,28/03/2023,Moda Center,Portland Trail Blazers,New Orleans Pelicans,
1128,22,28/03/2023,Golden 1 Center,Sacramento Kings,Minnesota Timberwolves,
1129,22,28/03/2023,Crypto.com Arena,LA Clippers,Chicago Bulls,
1130,22,28/03/2023,Capital One Arena,Washington Wizards,Boston Celtics,
1131,22,28/03/2023,State Farm Arena,Atlanta Hawks,Cleveland Cavaliers,
1132,22,28/03/2023,Scotiabank Arena,Toronto Raptors,Miami Heat,
1133,22,29/03/2023,FedExForum,Memphis Grizzlies,Orlando Magic,
1134,22,29/03/2023,Paycom Center,Oklahoma City Thunder,Charlotte Hornets,
1135,22,29/03/2023,Chase Center,Golden State Warriors,New Orleans Pelicans,
1136,22,29/03/2023,Gainbridge Fieldhouse,Indiana Pacers,Milwaukee Bucks,
1137,22,29/03/2023,Barclays Center,Brooklyn Nets,Houston Rockets,
1138,22,29/03/2023,Madison Square Garden,New York Knicks,Miami Heat,
1139,22,29/03/2023,Wells Fargo Center,Philadelphia 76ers,Dallas Mavericks,
1140,22,30/03/2023,United Center,Chicago Bulls,Los Angeles Lakers,
1141,22,30/03/2023,FedExForum,Memphis Grizzlies,LA Clippers,
1142,22,30/03/2023,Paycom Center,Oklahoma City Thunder,Detroit Pistons,
1143,22,30/03/2023,AT&T Center,San Antonio Spurs,Utah Jazz,
1144,22,30/03/2023,Footprint Center,Phoenix Suns,Minnesota Timberwolves,
1145,22,30/03/2023,Moda Center,Portland Trail Blazers,Sacramento Kings,
1146,23,30/03/2023,Fiserv Forum,Milwaukee Bucks,Boston Celtics,
1147,23,31/03/2023,Ball Arena,Denver Nuggets,New Orleans Pelicans,
1148,23,31/03/2023,Spectrum Center,Charlotte Hornets,Chicago Bulls,
1149,23,31/03/2023,Gainbridge Fieldhouse,Indiana Pacers,Oklahoma City Thunder,
1150,23,31/03/2023,Wells Fargo Center,Philadelphia 76ers,Toronto Raptors,
1151,23,31/03/2023,Capital One Arena,Washington Wizards,Orlando Magic,
1152,23,31/03/2023,TD Garden,Boston Celtics,Utah Jazz,
1153,23,31/03/2023,Barclays Center,Brooklyn Nets,Atlanta Hawks,
1154,23,31/03/2023,Rocket Mortgage FieldHouse,Cleveland Cavaliers,New York Knicks,
1155,23,1/4/2023,Toyota Center,Houston Rockets,Detroit Pistons,
1156,23,1/4/2023,FedExForum,Memphis Grizzlies,LA Clippers,
1157,23,1/4/2023,Target Center,Minnesota Timberwolves,Los Angeles Lakers,
1158,23,1/4/2023,Chase Center,Golden State Warriors,San Antonio Spurs,
1159,23,1/4/2023,Moda Center,Portland Trail Blazers,Sacramento Kings,
1160,23,1/4/2023,Footprint Center,Phoenix Suns,Denver Nuggets,
1161,23,1/4/2023,FTX Arena,Miami Heat,Dallas Mavericks,
1162,23,2/4/2023,Smoothie King Center,New Orleans Pelicans,LA Clippers,
1163,23,2/4/2023,Spectrum Center,Charlotte Hornets,Toronto Raptors,
1164,23,2/4/2023,Barclays Center,Brooklyn Nets,Utah Jazz,
1165,23,2/4/2023,United Center,Chicago Bulls,Memphis Grizzlies,
1166,23,2/4/2023,Target Center,Minnesota Timberwolves,Portland Trail Blazers,
1167,23,2/4/2023,State Farm Arena,Atlanta Hawks,Dallas Mavericks,
1168,23,2/4/2023,Madison Square Garden,New York Knicks,Washington Wizards,
1169,23,2/4/2023,Amway Center,Orlando Magic,Detroit Pistons,
1170,23,2/4/2023,Golden 1 Center,Sacramento Kings,San Antonio Spurs,
1171,23,2/4/2023,Toyota Center,Houston Rockets,Los Angeles Lakers,
1172,23,2/4/2023,Paycom Center,Oklahoma City Thunder,Phoenix Suns,
1173,23,3/4/2023,Rocket Mortgage FieldHouse,Cleveland Cavaliers,Indiana Pacers,
1174,23,3/4/2023,Fiserv Forum,Milwaukee Bucks,Philadelphia 76ers,
1175,23,3/4/2023,Ball Arena,Denver Nuggets,Golden State Warriors,
1176,23,4/4/2023,Spectrum Center,Charlotte Hornets,Toronto Raptors,
1177,23,4/4/2023,Little Caesars Arena,Detroit Pistons,Miami Heat,
1178,23,4/4/2023,Amway Center,Orlando Magic,Cleveland Cavaliers,
1179,23,4/4/2023,Capital One Arena,Washington Wizards,Milwaukee Bucks,
1180,23,4/4/2023,Barclays Center,Brooklyn Nets,Minnesota Timberwolves,
1181,23,5/4/2023,Wells Fargo Center,Philadelphia 76ers,Boston Celtics,
1182,23,5/4/2023,United Center,Chicago Bulls,Atlanta Hawks,
1183,23,5/4/2023,Toyota Center,Houston Rockets,Denver Nuggets,
1184,23,5/4/2023,FedExForum,Memphis Grizzlies,Portland Trail Blazers,
1185,23,5/4/2023,Smoothie King Center,New Orleans Pelicans,Sacramento Kings,
1186,23,5/4/2023,Vivint Arena,Utah Jazz,Los Angeles Lakers,
1187,23,5/4/2023,Chase Center,Golden State Warriors,Oklahoma City Thunder,
1188,23,5/4/2023,Footprint Center,Phoenix Suns,San Antonio Spurs,
1189,23,5/4/2023,Little Caesars Arena,Detroit Pistons,Brooklyn Nets,
1190,23,5/4/2023,Gainbridge Fieldhouse,Indiana Pacers,New York Knicks,
1191,23,5/4/2023,State Farm Arena,Atlanta Hawks,Washington Wizards,
1192,23,5/4/2023,TD Garden,Boston Celtics,Toronto Raptors,
1193,23,5/4/2023,Fiserv Forum,Milwaukee Bucks,Chicago Bulls,
1194,23,6/4/2023,Smoothie King Center,New Orleans Pelicans,Memphis Grizzlies,
1195,23,6/4/2023,American Airlines Center,Dallas Mavericks,Sacramento Kings,
1196,23,6/4/2023,Crypto.com Arena,LA Clippers,Los Angeles Lakers,
1197,24,6/4/2023,Amway Center,Orlando Magic,Cleveland Cavaliers,
1198,24,6/4/2023,Wells Fargo Center,Philadelphia 76ers,Miami Heat,
1199,24,7/4/2023,Moody Center,San Antonio Spurs,Portland Trail Blazers,
1200,24,7/4/2023,Vivint Arena,Utah Jazz,Oklahoma City Thunder,
1201,24,7/4/2023,Footprint Center,Phoenix Suns,Denver Nuggets,
1202,24,7/4/2023,Spectrum Center,Charlotte Hornets,Houston Rockets,
1203,24,7/4/2023,Gainbridge Fieldhouse,Indiana Pacers,Detroit Pistons,
1204,24,7/4/2023,Capital One Arena,Washington Wizards,Miami Heat,
1205,24,7/4/2023,State Farm Arena,Atlanta Hawks,Philadelphia 76ers,
1206,24,7/4/2023,TD Garden,Boston Celtics,Toronto Raptors,
1207,24,7/4/2023,Barclays Center,Brooklyn Nets,Orlando Magic,
1208,24,8/4/2023,Fiserv Forum,Milwaukee Bucks,Memphis Grizzlies,
1209,24,8/4/2023,Smoothie King Center,New Orleans Pelicans,New York Knicks,
1210,24,8/4/2023,American Airlines Center,Dallas Mavericks,Chicago Bulls,
1211,24,8/4/2023,Golden 1 Center,Sacramento Kings,Golden State Warriors,
1212,24,8/4/2023,Crypto.com Arena,Los Angeles Lakers,Phoenix Suns,
1213,24,8/4/2023,Vivint Arena,Utah Jazz,Denver Nuggets,
1214,24,8/4/2023,Moody Center,San Antonio Spurs,Minnesota Timberwolves,
1215,24,8/4/2023,Crypto.com Arena,LA Clippers,Portland Trail Blazers,
1216,24,9/4/2023,TD Garden,Boston Celtics,Atlanta Hawks,
1217,24,9/4/2023,Barclays Center,Brooklyn Nets,Philadelphia 76ers,
1218,24,9/4/2023,Rocket Mortgage FieldHouse,Cleveland Cavaliers,Charlotte Hornets,
1219,24,9/4/2023,FTX Arena,Miami Heat,Orlando Magic,
1220,24,9/4/2023,Madison Square Garden,New York Knicks,Indiana Pacers,
1221,24,9/4/2023,Scotiabank Arena,Toronto Raptors,Milwaukee Bucks,
1222,24,9/4/2023,Capital One Arena,Washington Wizards,Houston Rockets,
1223,24,9/4/2023,United Center,Chicago Bulls,Detroit Pistons,
1224,24,9/4/2023,American Airlines Center,Dallas Mavericks,San Antonio Spurs,
1225,24,9/4/2023,Target Center,Minnesota Timberwolves,New Orleans Pelicans,
1226,24,9/4/2023,Paycom Center,Oklahoma City Thunder,Memphis Grizzlies,
1227,24,9/4/2023,Ball Arena,Denver Nuggets,Sacramento Kings,
1228,24,9/4/2023,Crypto.com Arena,Los Angeles Lakers,Utah Jazz,
1229,24,9/4/2023,Footprint Center,Phoenix Suns,LA Clippers,
1230,24,9/4/2023,Moda Center,Portland Trail Blazers,Golden State Warriors,